dia;Semana;;;;
29/12/2013;1;;;;
30/12/2013;1;;;;
31/12/2013;1;;;;
01/01/2014;1;;;;
02/01/2014;1;;;;
03/01/2014;1;;;;
04/01/2014;1;;;;
05/01/2014;2;;;;
06/01/2014;2;;;;
07/01/2014;2;;;;
08/01/2014;2;;;;
09/01/2014;2;;;;
10/01/2014;2;;;;
11/01/2014;2;;;;
12/01/2014;3;;;;
13/01/2014;3;;;;
14/01/2014;3;;;;
15/01/2014;3;;;;
16/01/2014;3;;;;
17/01/2014;3;;;;
18/01/2014;3;;;;
19/01/2014;4;;;;
20/01/2014;4;;;;
21/01/2014;4;;;;
22/01/2014;4;;;;
23/01/2014;4;;;;
24/01/2014;4;;;;
25/01/2014;4;;;;
26/01/2014;5;;;;
27/01/2014;5;;;;
28/01/2014;5;;;;
29/01/2014;5;;;;
30/01/2014;5;;;;
31/01/2014;5;;;;
01/02/2014;5;;;;
02/02/2014;6;;;;
03/02/2014;6;;;;
04/02/2014;6;;;;
05/02/2014;6;;;;
06/02/2014;6;;;;
07/02/2014;6;;;;
08/02/2014;6;;;;
09/02/2014;7;;;;
10/02/2014;7;;;;
11/02/2014;7;;;;
12/02/2014;7;;;;
13/02/2014;7;;;;
14/02/2014;7;;;;
15/02/2014;7;;;;
16/02/2014;8;;;;
17/02/2014;8;;;;
18/02/2014;8;;;;
19/02/2014;8;;;;
20/02/2014;8;;;;
21/02/2014;8;;;;
22/02/2014;8;;;;
23/02/2014;9;;;;
24/02/2014;9;;;;
25/02/2014;9;;;;
26/02/2014;9;;;;
27/02/2014;9;;;;
28/02/2014;9;;;;
01/03/2014;9;;;;
02/03/2014;10;;;;
03/03/2014;10;;;;
04/03/2014;10;;;;
05/03/2014;10;;;;
06/03/2014;10;;;;
07/03/2014;10;;;;
08/03/2014;10;;;;
09/03/2014;11;;;;
10/03/2014;11;;;;
11/03/2014;11;;;;
12/03/2014;11;;;;
13/03/2014;11;;;;
14/03/2014;11;;;;
15/03/2014;11;;;;
16/03/2014;12;;;;
17/03/2014;12;;;;
18/03/2014;12;;;;
19/03/2014;12;;;;
20/03/2014;12;;;;
21/03/2014;12;;;;
22/03/2014;12;;;;
23/03/2014;13;;;;
24/03/2014;13;;;;
25/03/2014;13;;;;
26/03/2014;13;;;;
27/03/2014;13;;;;
28/03/2014;13;;;;
29/03/2014;13;;;;
30/03/2014;14;;;;
31/03/2014;14;;;;
01/04/2014;14;;;;
02/04/2014;14;;;;
03/04/2014;14;;;;
04/04/2014;14;;;;
05/04/2014;14;;;;
06/04/2014;15;;;;
07/04/2014;15;;;;
08/04/2014;15;;;;
09/04/2014;15;;;;
10/04/2014;15;;;;
11/04/2014;15;;;;
12/04/2014;15;;;;
13/04/2014;16;;;;
14/04/2014;16;;;;
15/04/2014;16;;;;
16/04/2014;16;;;;
17/04/2014;16;;;;
18/04/2014;16;;;;
19/04/2014;16;;;;
20/04/2014;17;;;;
21/04/2014;17;;;;
22/04/2014;17;;;;
23/04/2014;17;;;;
24/04/2014;17;;;;
25/04/2014;17;;;;
26/04/2014;17;;;;
27/04/2014;18;;;;
28/04/2014;18;;;;
29/04/2014;18;;;;
30/04/2014;18;;;;
01/05/2014;18;;;;
02/05/2014;18;;;;
03/05/2014;18;;;;
04/05/2014;19;;;;
05/05/2014;19;;;;
06/05/2014;19;;;;
07/05/2014;19;;;;
08/05/2014;19;;;;
09/05/2014;19;;;;
10/05/2014;19;;;;
11/05/2014;20;;;;
12/05/2014;20;;;;
13/05/2014;20;;;;
14/05/2014;20;;;;
15/05/2014;20;;;;
16/05/2014;20;;;;
17/05/2014;20;;;;
18/05/2014;21;;;;
19/05/2014;21;;;;
20/05/2014;21;;;;
21/05/2014;21;;;;
22/05/2014;21;;;;
23/05/2014;21;;;;
24/05/2014;21;;;;
25/05/2014;22;;;;
26/05/2014;22;;;;
27/05/2014;22;;;;
28/05/2014;22;;;;
29/05/2014;22;;;;
30/05/2014;22;;;;
31/05/2014;22;;;;
01/06/2014;23;;;;
02/06/2014;23;;;;
03/06/2014;23;;;;
04/06/2014;23;;;;
05/06/2014;23;;;;
06/06/2014;23;;;;
07/06/2014;23;;;;
08/06/2014;24;;;;
09/06/2014;24;;;;
10/06/2014;24;;;;
11/06/2014;24;;;;
12/06/2014;24;;;;
13/06/2014;24;;;;
14/06/2014;24;;;;
15/06/2014;25;;;;
16/06/2014;25;;;;
17/06/2014;25;;;;
18/06/2014;25;;;;
19/06/2014;25;;;;
20/06/2014;25;;;;
21/06/2014;25;;;;
22/06/2014;26;;;;
23/06/2014;26;;;;
24/06/2014;26;;;;
25/06/2014;26;;;;
26/06/2014;26;;;;
27/06/2014;26;;;;
28/06/2014;26;;;;
29/06/2014;27;;;;
30/06/2014;27;;;;
01/07/2014;27;;;;
02/07/2014;27;;;;
03/07/2014;27;;;;
04/07/2014;27;;;;
05/07/2014;27;;;;
06/07/2014;28;;;;
07/07/2014;28;;;;
08/07/2014;28;;;;
09/07/2014;28;;;;
10/07/2014;28;;;;
11/07/2014;28;;;;
12/07/2014;28;;;;
13/07/2014;29;;;;
14/07/2014;29;;;;
15/07/2014;29;;;;
16/07/2014;29;;;;
17/07/2014;29;;;;
18/07/2014;29;;;;
19/07/2014;29;;;;
20/07/2014;30;;;;
21/07/2014;30;;;;
22/07/2014;30;;;;
23/07/2014;30;;;;
24/07/2014;30;;;;
25/07/2014;30;;;;
26/07/2014;30;;;;
27/07/2014;31;;;;
28/07/2014;31;;;;
29/07/2014;31;;;;
30/07/2014;31;;;;
31/07/2014;31;;;;
01/08/2014;31;;;;
02/08/2014;31;;;;
03/08/2014;32;;;;
04/08/2014;32;;;;
05/08/2014;32;;;;
06/08/2014;32;;;;
07/08/2014;32;;;;
08/08/2014;32;;;;
09/08/2014;32;;;;
10/08/2014;33;;;;
11/08/2014;33;;;;
12/08/2014;33;;;;
13/08/2014;33;;;;
14/08/2014;33;;;;
15/08/2014;33;;;;
16/08/2014;33;;;;
17/08/2014;34;;;;
18/08/2014;34;;;;
19/08/2014;34;;;;
20/08/2014;34;;;;
21/08/2014;34;;;;
22/08/2014;34;;;;
23/08/2014;34;;;;
24/08/2014;35;;;;
25/08/2014;35;;;;
26/08/2014;35;;;;
27/08/2014;35;;;;
28/08/2014;35;;;;
29/08/2014;35;;;;
30/08/2014;35;;;;
31/08/2014;36;;;;
01/09/2014;36;;;;
02/09/2014;36;;;;
03/09/2014;36;;;;
04/09/2014;36;;;;
05/09/2014;36;;;;
06/09/2014;36;;;;
07/09/2014;37;;;;
08/09/2014;37;;;;
09/09/2014;37;;;;
10/09/2014;37;;;;
11/09/2014;37;;;;
12/09/2014;37;;;;
13/09/2014;37;;;;
14/09/2014;38;;;;
15/09/2014;38;;;;
16/09/2014;38;;;;
17/09/2014;38;;;;
18/09/2014;38;;;;
19/09/2014;38;;;;
20/09/2014;38;;;;
21/09/2014;39;;;;
22/09/2014;39;;;;
23/09/2014;39;;;;
24/09/2014;39;;;;
25/09/2014;39;;;;
26/09/2014;39;;;;
27/09/2014;39;;;;
28/09/2014;40;;;;
29/09/2014;40;;;;
30/09/2014;40;;;;
01/10/2014;40;;;;
02/10/2014;40;;;;
03/10/2014;40;;;;
04/10/2014;40;;;;
05/10/2014;41;;;;
06/10/2014;41;;;;
07/10/2014;41;;;;
08/10/2014;41;;;;
09/10/2014;41;;;;
10/10/2014;41;;;;
11/10/2014;41;;;;
12/10/2014;42;;;;
13/10/2014;42;;;;
14/10/2014;42;;;;
15/10/2014;42;;;;
16/10/2014;42;;;;
17/10/2014;42;;;;
18/10/2014;42;;;;
19/10/2014;43;;;;
20/10/2014;43;;;;
21/10/2014;43;;;;
22/10/2014;43;;;;
23/10/2014;43;;;;
24/10/2014;43;;;;
25/10/2014;43;;;;
26/10/2014;44;;;;
27/10/2014;44;;;;
28/10/2014;44;;;;
29/10/2014;44;;;;
30/10/2014;44;;;;
31/10/2014;44;;;;
01/11/2014;44;;;;
02/11/2014;45;;;;
03/11/2014;45;;;;
04/11/2014;45;;;;
05/11/2014;45;;;;
06/11/2014;45;;;;
07/11/2014;45;;;;
08/11/2014;45;;;;
09/11/2014;46;;;;
10/11/2014;46;;;;
11/11/2014;46;;;;
12/11/2014;46;;;;
13/11/2014;46;;;;
14/11/2014;46;;;;
15/11/2014;46;;;;
16/11/2014;47;;;;
17/11/2014;47;;;;
18/11/2014;47;;;;
19/11/2014;47;;;;
20/11/2014;47;;;;
21/11/2014;47;;;;
22/11/2014;47;;;;
23/11/2014;48;;;;
24/11/2014;48;;;;
25/11/2014;48;;;;
26/11/2014;48;;;;
27/11/2014;48;;;;
28/11/2014;48;;;;
29/11/2014;48;;;;
30/11/2014;49;;;;
01/12/2014;49;;;;
02/12/2014;49;;;;
03/12/2014;49;;;;
04/12/2014;49;;;;
05/12/2014;49;;;;
06/12/2014;49;;;;
07/12/2014;50;;;;
08/12/2014;50;;;;
09/12/2014;50;;;;
10/12/2014;50;;;;
11/12/2014;50;;;;
12/12/2014;50;;;;
13/12/2014;50;;;;
14/12/2014;51;;;;
15/12/2014;51;;;;
16/12/2014;51;;;;
17/12/2014;51;;;;
18/12/2014;51;;;;
19/12/2014;51;;;;
20/12/2014;51;;;;
21/12/2014;52;;;;
22/12/2014;52;;;;
23/12/2014;52;;;;
24/12/2014;52;;;;
25/12/2014;52;;;;
26/12/2014;52;;;;
27/12/2014;52;;;;
28/12/2014;53;;;;
29/12/2014;53;;;;
30/12/2014;53;;;;
31/12/2014;53;;;;
01/01/2015;53;;;;
02/01/2015;53;;;;
03/01/2015;53;;;;
04/01/2015;1;;;;
05/01/2015;1;;;;
06/01/2015;1;;;;
07/01/2015;1;;;;
08/01/2015;1;;;;
09/01/2015;1;;;;
10/01/2015;1;;;;
11/01/2015;2;;;;
12/01/2015;2;;;;
13/01/2015;2;;;;
14/01/2015;2;;;;
15/01/2015;2;;;;
16/01/2015;2;;;;
17/01/2015;2;;;;
18/01/2015;3;;;;
19/01/2015;3;;;;
20/01/2015;3;;;;
21/01/2015;3;;;;
22/01/2015;3;;;;
23/01/2015;3;;;;
24/01/2015;3;;;;
25/01/2015;4;;;;
26/01/2015;4;;;;
27/01/2015;4;;;;
28/01/2015;4;;;;
29/01/2015;4;;;;
30/01/2015;4;;;;
31/01/2015;4;;;;
01/02/2015;5;;;;
02/02/2015;5;;;;
03/02/2015;5;;;;
04/02/2015;5;;;;
05/02/2015;5;;;;
06/02/2015;5;;;;
07/02/2015;5;;;;
08/02/2015;6;;;;
09/02/2015;6;;;;
10/02/2015;6;;;;
11/02/2015;6;;;;
12/02/2015;6;;;;
13/02/2015;6;;;;
14/02/2015;6;;;;
15/02/2015;7;;;;
16/02/2015;7;;;;
17/02/2015;7;;;;
18/02/2015;7;;;;
19/02/2015;7;;;;
20/02/2015;7;;;;
21/02/2015;7;;;;
22/02/2015;8;;;;
23/02/2015;8;;;;
24/02/2015;8;;;;
25/02/2015;8;;;;
26/02/2015;8;;;;
27/02/2015;8;;;;
28/02/2015;8;;;;
01/03/2015;9;;;;
02/03/2015;9;;;;
03/03/2015;9;;;;
04/03/2015;9;;;;
05/03/2015;9;;;;
06/03/2015;9;;;;
07/03/2015;9;;;;
08/03/2015;10;;;;
09/03/2015;10;;;;
10/03/2015;10;;;;
11/03/2015;10;;;;
12/03/2015;10;;;;
13/03/2015;10;;;;
14/03/2015;10;;;;
15/03/2015;11;;;;
16/03/2015;11;;;;
17/03/2015;11;;;;
18/03/2015;11;;;;
19/03/2015;11;;;;
20/03/2015;11;;;;
21/03/2015;11;;;;
22/03/2015;12;;;;
23/03/2015;12;;;;
24/03/2015;12;;;;
25/03/2015;12;;;;
26/03/2015;12;;;;
27/03/2015;12;;;;
28/03/2015;12;;;;
29/03/2015;13;;;;
30/03/2015;13;;;;
31/03/2015;13;;;;
01/04/2015;13;;;;
02/04/2015;13;;;;
03/04/2015;13;;;;
04/04/2015;13;;;;
05/04/2015;14;;;;
06/04/2015;14;;;;
07/04/2015;14;;;;
08/04/2015;14;;;;
09/04/2015;14;;;;
10/04/2015;14;;;;
11/04/2015;14;;;;
12/04/2015;15;;;;
13/04/2015;15;;;;
14/04/2015;15;;;;
15/04/2015;15;;;;
16/04/2015;15;;;;
17/04/2015;15;;;;
18/04/2015;15;;;;
19/04/2015;16;;;;
20/04/2015;16;;;;
21/04/2015;16;;;;
22/04/2015;16;;;;
23/04/2015;16;;;;
24/04/2015;16;;;;
25/04/2015;16;;;;
26/04/2015;17;;;;
27/04/2015;17;;;;
28/04/2015;17;;;;
29/04/2015;17;;;;
30/04/2015;17;;;;
01/05/2015;17;;;;
02/05/2015;17;;;;
03/05/2015;18;;;;
04/05/2015;18;;;;
05/05/2015;18;;;;
06/05/2015;18;;;;
07/05/2015;18;;;;
08/05/2015;18;;;;
09/05/2015;18;;;;
10/05/2015;19;;;;
11/05/2015;19;;;;
12/05/2015;19;;;;
13/05/2015;19;;;;
14/05/2015;19;;;;
15/05/2015;19;;;;
16/05/2015;19;;;;
17/05/2015;20;;;;
18/05/2015;20;;;;
19/05/2015;20;;;;
20/05/2015;20;;;;
21/05/2015;20;;;;
22/05/2015;20;;;;
23/05/2015;20;;;;
24/05/2015;21;;;;
25/05/2015;21;;;;
26/05/2015;21;;;;
27/05/2015;21;;;;
28/05/2015;21;;;;
29/05/2015;21;;;;
30/05/2015;21;;;;
31/05/2015;22;;;;
01/06/2015;22;;;;
02/06/2015;22;;;;
03/06/2015;22;;;;
04/06/2015;22;;;;
05/06/2015;22;;;;
06/06/2015;22;;;;
07/06/2015;23;;;;
08/06/2015;23;;;;
09/06/2015;23;;;;
10/06/2015;23;;;;
11/06/2015;23;;;;
12/06/2015;23;;;;
13/06/2015;23;;;;
14/06/2015;24;;;;
15/06/2015;24;;;;
16/06/2015;24;;;;
17/06/2015;24;;;;
18/06/2015;24;;;;
19/06/2015;24;;;;
20/06/2015;24;;;;
21/06/2015;25;;;;
22/06/2015;25;;;;
23/06/2015;25;;;;
24/06/2015;25;;;;
25/06/2015;25;;;;
26/06/2015;25;;;;
27/06/2015;25;;;;
28/06/2015;26;;;;
29/06/2015;26;;;;
30/06/2015;26;;;;
01/07/2015;26;;;;
02/07/2015;26;;;;
03/07/2015;26;;;;
04/07/2015;26;;;;
05/07/2015;27;;;;
06/07/2015;27;;;;
07/07/2015;27;;;;
08/07/2015;27;;;;
09/07/2015;27;;;;
10/07/2015;27;;;;
11/07/2015;27;;;;
12/07/2015;28;;;;
13/07/2015;28;;;;
14/07/2015;28;;;;
15/07/2015;28;;;;
16/07/2015;28;;;;
17/07/2015;28;;;;
18/07/2015;28;;;;
19/07/2015;29;;;;
20/07/2015;29;;;;
21/07/2015;29;;;;
22/07/2015;29;;;;
23/07/2015;29;;;;
24/07/2015;29;;;;
25/07/2015;29;;;;
26/07/2015;30;;;;
27/07/2015;30;;;;
28/07/2015;30;;;;
29/07/2015;30;;;;
30/07/2015;30;;;;
31/07/2015;30;;;;
01/08/2015;30;;;;
02/08/2015;31;;;;
03/08/2015;31;;;;
04/08/2015;31;;;;
05/08/2015;31;;;;
06/08/2015;31;;;;
07/08/2015;31;;;;
08/08/2015;31;;;;
09/08/2015;32;;;;
10/08/2015;32;;;;
11/08/2015;32;;;;
12/08/2015;32;;;;
13/08/2015;32;;;;
14/08/2015;32;;;;
15/08/2015;32;;;;
16/08/2015;33;;;;
17/08/2015;33;;;;
18/08/2015;33;;;;
19/08/2015;33;;;;
20/08/2015;33;;;;
21/08/2015;33;;;;
22/08/2015;33;;;;
23/08/2015;34;;;;
24/08/2015;34;;;;
25/08/2015;34;;;;
26/08/2015;34;;;;
27/08/2015;34;;;;
28/08/2015;34;;;;
29/08/2015;34;;;;
30/08/2015;35;;;;
31/08/2015;35;;;;
01/09/2015;35;;;;
02/09/2015;35;;;;
03/09/2015;35;;;;
04/09/2015;35;;;;
05/09/2015;35;;;;
06/09/2015;36;;;;
07/09/2015;36;;;;
08/09/2015;36;;;;
09/09/2015;36;;;;
10/09/2015;36;;;;
11/09/2015;36;;;;
12/09/2015;36;;;;
13/09/2015;37;;;;
14/09/2015;37;;;;
15/09/2015;37;;;;
16/09/2015;37;;;;
17/09/2015;37;;;;
18/09/2015;37;;;;
19/09/2015;37;;;;
20/09/2015;38;;;;
21/09/2015;38;;;;
22/09/2015;38;;;;
23/09/2015;38;;;;
24/09/2015;38;;;;
25/09/2015;38;;;;
26/09/2015;38;;;;
27/09/2015;39;;;;
28/09/2015;39;;;;
29/09/2015;39;;;;
30/09/2015;39;;;;
01/10/2015;39;;;;
02/10/2015;39;;;;
03/10/2015;39;;;;
04/10/2015;40;;;;
05/10/2015;40;;;;
06/10/2015;40;;;;
07/10/2015;40;;;;
08/10/2015;40;;;;
09/10/2015;40;;;;
10/10/2015;40;;;;
11/10/2015;41;;;;
12/10/2015;41;;;;
13/10/2015;41;;;;
14/10/2015;41;;;;
15/10/2015;41;;;;
16/10/2015;41;;;;
17/10/2015;41;;;;
18/10/2015;42;;;;
19/10/2015;42;;;;
20/10/2015;42;;;;
21/10/2015;42;;;;
22/10/2015;42;;;;
23/10/2015;42;;;;
24/10/2015;42;;;;
25/10/2015;43;;;;
26/10/2015;43;;;;
27/10/2015;43;;;;
28/10/2015;43;;;;
29/10/2015;43;;;;
30/10/2015;43;;;;
31/10/2015;43;;;;
01/11/2015;44;;;;
02/11/2015;44;;;;
03/11/2015;44;;;;
04/11/2015;44;;;;
05/11/2015;44;;;;
06/11/2015;44;;;;
07/11/2015;44;;;;
08/11/2015;45;;;;
09/11/2015;45;;;;
10/11/2015;45;;;;
11/11/2015;45;;;;
12/11/2015;45;;;;
13/11/2015;45;;;;
14/11/2015;45;;;;
15/11/2015;46;;;;
16/11/2015;46;;;;
17/11/2015;46;;;;
18/11/2015;46;;;;
19/11/2015;46;;;;
20/11/2015;46;;;;
21/11/2015;46;;;;
22/11/2015;47;;;;
23/11/2015;47;;;;
24/11/2015;47;;;;
25/11/2015;47;;;;
26/11/2015;47;;;;
27/11/2015;47;;;;
28/11/2015;47;;;;
29/11/2015;48;;;;
30/11/2015;48;;;;
01/12/2015;48;;;;
02/12/2015;48;;;;
03/12/2015;48;;;;
04/12/2015;48;;;;
05/12/2015;48;;;;
06/12/2015;49;;;;
07/12/2015;49;;;;
08/12/2015;49;;;;
09/12/2015;49;;;;
10/12/2015;49;;;;
11/12/2015;49;;;;
12/12/2015;49;;;;
13/12/2015;50;;;;
14/12/2015;50;;;;
15/12/2015;50;;;;
16/12/2015;50;;;;
17/12/2015;50;;;;
18/12/2015;50;;;;
19/12/2015;50;;;;
20/12/2015;51;;;;
21/12/2015;51;;;;
22/12/2015;51;;;;
23/12/2015;51;;;;
24/12/2015;51;;;;
25/12/2015;51;;;;
26/12/2015;51;;;;
27/12/2015;52;;;;
28/12/2015;52;;;;
29/12/2015;52;;;;
30/12/2015;52;;;;
31/12/2015;52;;;;
01/01/2016;52;;;;
02/01/2016;52;;;;
03/01/2016;1;;;;
04/01/2016;1;;;;
05/01/2016;1;;;;
06/01/2016;1;;;;
07/01/2016;1;;;;
08/01/2016;1;;;;
09/01/2016;1;;;;
10/01/2016;2;;;;
11/01/2016;2;;;;
12/01/2016;2;;;;
13/01/2016;2;;;;
14/01/2016;2;;;;
15/01/2016;2;;;;
16/01/2016;2;;;;
17/01/2016;3;;;;
18/01/2016;3;;;;
19/01/2016;3;;;;
20/01/2016;3;;;;
21/01/2016;3;;;;
22/01/2016;3;;;;
23/01/2016;3;;;;
24/01/2016;4;;;;
25/01/2016;4;;;;
26/01/2016;4;;;;
27/01/2016;4;;;;
28/01/2016;4;;;;
29/01/2016;4;;;;
30/01/2016;4;;;;
31/01/2016;5;;;;
01/02/2016;5;;;;
02/02/2016;5;;;;
03/02/2016;5;;;;
04/02/2016;5;;;;
05/02/2016;5;;;;
06/02/2016;5;;;;
07/02/2016;6;;;;
08/02/2016;6;;;;
09/02/2016;6;;;;
10/02/2016;6;;;;
11/02/2016;6;;;;
12/02/2016;6;;;;
13/02/2016;6;;;;
14/02/2016;7;;;;
15/02/2016;7;;;;
16/02/2016;7;;;;
17/02/2016;7;;;;
18/02/2016;7;;;;
19/02/2016;7;;;;
20/02/2016;7;;;;
21/02/2016;8;;;;
22/02/2016;8;;;;
23/02/2016;8;;;;
24/02/2016;8;;;;
25/02/2016;8;;;;
26/02/2016;8;;;;
27/02/2016;8;;;;
28/02/2016;9;;;;
29/02/2016;9;;;;
01/03/2016;9;;;;
02/03/2016;9;;;;
03/03/2016;9;;;;
04/03/2016;9;;;;
05/03/2016;9;;;;
06/03/2016;10;;;;
07/03/2016;10;;;;
08/03/2016;10;;;;
09/03/2016;10;;;;
10/03/2016;10;;;;
11/03/2016;10;;;;
12/03/2016;10;;;;
13/03/2016;11;;;;
14/03/2016;11;;;;
15/03/2016;11;;;;
16/03/2016;11;;;;
17/03/2016;11;;;;
18/03/2016;11;;;;
19/03/2016;11;;;;
20/03/2016;12;;;;
21/03/2016;12;;;;
22/03/2016;12;;;;
23/03/2016;12;;;;
24/03/2016;12;;;;
25/03/2016;12;;;;
26/03/2016;12;;;;
27/03/2016;13;;;;
28/03/2016;13;;;;
29/03/2016;13;;;;
30/03/2016;13;;;;
31/03/2016;13;;;;
01/04/2016;13;;;;
02/04/2016;13;;;;
03/04/2016;14;;;;
04/04/2016;14;;;;
05/04/2016;14;;;;
06/04/2016;14;;;;
07/04/2016;14;;;;
08/04/2016;14;;;;
09/04/2016;14;;;;
10/04/2016;15;;;;
11/04/2016;15;;;;
12/04/2016;15;;;;
13/04/2016;15;;;;
14/04/2016;15;;;;
15/04/2016;15;;;;
16/04/2016;15;;;;
17/04/2016;16;;;;
18/04/2016;16;;;;
19/04/2016;16;;;;
20/04/2016;16;;;;
21/04/2016;16;;;;
22/04/2016;16;;;;
23/04/2016;16;;;;
24/04/2016;17;;;;
25/04/2016;17;;;;
26/04/2016;17;;;;
27/04/2016;17;;;;
28/04/2016;17;;;;
29/04/2016;17;;;;
30/04/2016;17;;;;
01/05/2016;18;;;;
02/05/2016;18;;;;
03/05/2016;18;;;;
04/05/2016;18;;;;
05/05/2016;18;;;;
06/05/2016;18;;;;
07/05/2016;18;;;;
08/05/2016;19;;;;
09/05/2016;19;;;;
10/05/2016;19;;;;
11/05/2016;19;;;;
12/05/2016;19;;;;
13/05/2016;19;;;;
14/05/2016;19;;;;
15/05/2016;20;;;;
16/05/2016;20;;;;
17/05/2016;20;;;;
18/05/2016;20;;;;
19/05/2016;20;;;;
20/05/2016;20;;;;
21/05/2016;20;;;;
22/05/2016;21;;;;
23/05/2016;21;;;;
24/05/2016;21;;;;
25/05/2016;21;;;;
26/05/2016;21;;;;
27/05/2016;21;;;;
28/05/2016;21;;;;
29/05/2016;22;;;;
30/05/2016;22;;;;
31/05/2016;22;;;;
01/06/2016;22;;;;
02/06/2016;22;;;;
03/06/2016;22;;;;
04/06/2016;22;;;;
05/06/2016;23;;;;
06/06/2016;23;;;;
07/06/2016;23;;;;
08/06/2016;23;;;;
09/06/2016;23;;;;
10/06/2016;23;;;;
11/06/2016;23;;;;
12/06/2016;24;;;;
13/06/2016;24;;;;
14/06/2016;24;;;;
15/06/2016;24;;;;
16/06/2016;24;;;;
17/06/2016;24;;;;
18/06/2016;24;;;;
19/06/2016;25;;;;
20/06/2016;25;;;;
21/06/2016;25;;;;
22/06/2016;25;;;;
23/06/2016;25;;;;
24/06/2016;25;;;;
25/06/2016;25;;;;
26/06/2016;26;;;;
27/06/2016;26;;;;
28/06/2016;26;;;;
29/06/2016;26;;;;
30/06/2016;26;;;;
01/07/2016;26;;;;
02/07/2016;26;;;;
03/07/2016;27;;;;
04/07/2016;27;;;;
05/07/2016;27;;;;
06/07/2016;27;;;;
07/07/2016;27;;;;
08/07/2016;27;;;;
09/07/2016;27;;;;
10/07/2016;28;;;;
11/07/2016;28;;;;
12/07/2016;28;;;;
13/07/2016;28;;;;
14/07/2016;28;;;;
15/07/2016;28;;;;
16/07/2016;28;;;;
17/07/2016;29;;;;
18/07/2016;29;;;;
19/07/2016;29;;;;
20/07/2016;29;;;;
21/07/2016;29;;;;
22/07/2016;29;;;;
23/07/2016;29;;;;
24/07/2016;30;;;;
25/07/2016;30;;;;
26/07/2016;30;;;;
27/07/2016;30;;;;
28/07/2016;30;;;;
29/07/2016;30;;;;
30/07/2016;30;;;;
31/07/2016;31;;;;
01/08/2016;31;;;;
02/08/2016;31;;;;
03/08/2016;31;;;;
04/08/2016;31;;;;
05/08/2016;31;;;;
06/08/2016;31;;;;
07/08/2016;32;;;;
08/08/2016;32;;;;
09/08/2016;32;;;;
10/08/2016;32;;;;
11/08/2016;32;;;;
12/08/2016;32;;;;
13/08/2016;32;;;;
14/08/2016;33;;;;
15/08/2016;33;;;;
16/08/2016;33;;;;
17/08/2016;33;;;;
18/08/2016;33;;;;
19/08/2016;33;;;;
20/08/2016;33;;;;
21/08/2016;34;;;;
22/08/2016;34;;;;
23/08/2016;34;;;;
24/08/2016;34;;;;
25/08/2016;34;;;;
26/08/2016;34;;;;
27/08/2016;34;;;;
28/08/2016;35;;;;
29/08/2016;35;;;;
30/08/2016;35;;;;
31/08/2016;35;;;;
01/09/2016;35;;;;
02/09/2016;35;;;;
03/09/2016;35;;;;
04/09/2016;36;;;;
05/09/2016;36;;;;
06/09/2016;36;;;;
07/09/2016;36;;;;
08/09/2016;36;;;;
09/09/2016;36;;;;
10/09/2016;36;;;;
11/09/2016;37;;;;
12/09/2016;37;;;;
13/09/2016;37;;;;
14/09/2016;37;;;;
15/09/2016;37;;;;
16/09/2016;37;;;;
17/09/2016;37;;;;
18/09/2016;38;;;;
19/09/2016;38;;;;
20/09/2016;38;;;;
21/09/2016;38;;;;
22/09/2016;38;;;;
23/09/2016;38;;;;
24/09/2016;38;;;;
25/09/2016;39;;;;
26/09/2016;39;;;;
27/09/2016;39;;;;
28/09/2016;39;;;;
29/09/2016;39;;;;
30/09/2016;39;;;;
01/10/2016;39;;;;
02/10/2016;40;;;;
03/10/2016;40;;;;
04/10/2016;40;;;;
05/10/2016;40;;;;
06/10/2016;40;;;;
07/10/2016;40;;;;
08/10/2016;40;;;;
09/10/2016;41;;;;
10/10/2016;41;;;;
11/10/2016;41;;;;
12/10/2016;41;;;;
13/10/2016;41;;;;
14/10/2016;41;;;;
15/10/2016;41;;;;
16/10/2016;42;;;;
17/10/2016;42;;;;
18/10/2016;42;;;;
19/10/2016;42;;;;
20/10/2016;42;;;;
21/10/2016;42;;;;
22/10/2016;42;;;;
23/10/2016;43;;;;
24/10/2016;43;;;;
25/10/2016;43;;;;
26/10/2016;43;;;;
27/10/2016;43;;;;
28/10/2016;43;;;;
29/10/2016;43;;;;
30/10/2016;44;;;;
31/10/2016;44;;;;
01/11/2016;44;;;;
02/11/2016;44;;;;
03/11/2016;44;;;;
04/11/2016;44;;;;
05/11/2016;44;;;;
06/11/2016;45;;;;
07/11/2016;45;;;;
08/11/2016;45;;;;
09/11/2016;45;;;;
10/11/2016;45;;;;
11/11/2016;45;;;;
12/11/2016;45;;;;
13/11/2016;46;;;;
14/11/2016;46;;;;
15/11/2016;46;;;;
16/11/2016;46;;;;
17/11/2016;46;;;;
18/11/2016;46;;;;
19/11/2016;46;;;;
20/11/2016;47;;;;
21/11/2016;47;;;;
22/11/2016;47;;;;
23/11/2016;47;;;;
24/11/2016;47;;;;
25/11/2016;47;;;;
26/11/2016;47;;;;
27/11/2016;48;;;;
28/11/2016;48;;;;
29/11/2016;48;;;;
30/11/2016;48;;;;
01/12/2016;48;;;;
02/12/2016;48;;;;
03/12/2016;48;;;;
04/12/2016;49;;;;
05/12/2016;49;;;;
06/12/2016;49;;;;
07/12/2016;49;;;;
08/12/2016;49;;;;
09/12/2016;49;;;;
10/12/2016;49;;;;
11/12/2016;50;;;;
12/12/2016;50;;;;
13/12/2016;50;;;;
14/12/2016;50;;;;
15/12/2016;50;;;;
16/12/2016;50;;;;
17/12/2016;50;;;;
18/12/2016;51;;;;
19/12/2016;51;;;;
20/12/2016;51;;;;
21/12/2016;51;;;;
22/12/2016;51;;;;
23/12/2016;51;;;;
24/12/2016;51;;;;
25/12/2016;52;;;;
26/12/2016;52;;;;
27/12/2016;52;;;;
28/12/2016;52;;;;
29/12/2016;52;;;;
30/12/2016;52;;;;
31/12/2016;52;;;;
01/01/2017;1;;;;
02/01/2017;1;;;;
03/01/2017;1;;;;
04/01/2017;1;;;;
05/01/2017;1;;;;
06/01/2017;1;;;;
07/01/2017;1;;;;
08/01/2017;2;;;;
09/01/2017;2;;;;
10/01/2017;2;;;;
11/01/2017;2;;;;
12/01/2017;2;;;;
13/01/2017;2;;;;
14/01/2017;2;;;;
15/01/2017;3;;;;
16/01/2017;3;;;;
17/01/2017;3;;;;
18/01/2017;3;;;;
19/01/2017;3;;;;
20/01/2017;3;;;;
21/01/2017;3;;;;
22/01/2017;4;;;;
23/01/2017;4;;;;
24/01/2017;4;;;;
25/01/2017;4;;;;
26/01/2017;4;;;;
27/01/2017;4;;;;
28/01/2017;4;;;;
29/01/2017;5;;;;
30/01/2017;5;;;;
31/01/2017;5;;;;
01/02/2017;5;;;;
02/02/2017;5;;;;
03/02/2017;5;;;;
04/02/2017;5;;;;
05/02/2017;6;;;;
06/02/2017;6;;;;
07/02/2017;6;;;;
08/02/2017;6;;;;
09/02/2017;6;;;;
10/02/2017;6;;;;
11/02/2017;6;;;;
12/02/2017;7;;;;
13/02/2017;7;;;;
14/02/2017;7;;;;
15/02/2017;7;;;;
16/02/2017;7;;;;
17/02/2017;7;;;;
18/02/2017;7;;;;
19/02/2017;8;;;;
20/02/2017;8;;;;
21/02/2017;8;;;;
22/02/2017;8;;;;
23/02/2017;8;;;;
24/02/2017;8;;;;
25/02/2017;8;;;;
26/02/2017;9;;;;
27/02/2017;9;;;;
28/02/2017;9;;;;
01/03/2017;9;;;;
02/03/2017;9;;;;
03/03/2017;9;;;;
04/03/2017;9;;;;
05/03/2017;10;;;;
06/03/2017;10;;;;
07/03/2017;10;;;;
08/03/2017;10;;;;
09/03/2017;10;;;;
10/03/2017;10;;;;
11/03/2017;10;;;;
12/03/2017;11;;;;
13/03/2017;11;;;;
14/03/2017;11;;;;
15/03/2017;11;;;;
16/03/2017;11;;;;
17/03/2017;11;;;;
18/03/2017;11;;;;
19/03/2017;12;;;;
20/03/2017;12;;;;
21/03/2017;12;;;;
22/03/2017;12;;;;
23/03/2017;12;;;;
24/03/2017;12;;;;
25/03/2017;12;;;;
26/03/2017;13;;;;
27/03/2017;13;;;;
28/03/2017;13;;;;
29/03/2017;13;;;;
30/03/2017;13;;;;
31/03/2017;13;;;;
01/04/2017;13;;;;
02/04/2017;14;;;;
03/04/2017;14;;;;
04/04/2017;14;;;;
05/04/2017;14;;;;
06/04/2017;14;;;;
07/04/2017;14;;;;
08/04/2017;14;;;;
09/04/2017;15;;;;
10/04/2017;15;;;;
11/04/2017;15;;;;
12/04/2017;15;;;;
13/04/2017;15;;;;
14/04/2017;15;;;;
15/04/2017;15;;;;
16/04/2017;16;;;;
17/04/2017;16;;;;
18/04/2017;16;;;;
19/04/2017;16;;;;
20/04/2017;16;;;;
21/04/2017;16;;;;
22/04/2017;16;;;;
23/04/2017;17;;;;
24/04/2017;17;;;;
25/04/2017;17;;;;
26/04/2017;17;;;;
27/04/2017;17;;;;
28/04/2017;17;;;;
29/04/2017;17;;;;
30/04/2017;18;;;;
01/05/2017;18;;;;
02/05/2017;18;;;;
03/05/2017;18;;;;
04/05/2017;18;;;;
05/05/2017;18;;;;
06/05/2017;18;;;;
07/05/2017;19;;;;
08/05/2017;19;;;;
09/05/2017;19;;;;
10/05/2017;19;;;;
11/05/2017;19;;;;
12/05/2017;19;;;;
13/05/2017;19;;;;
14/05/2017;20;;;;
15/05/2017;20;;;;
16/05/2017;20;;;;
17/05/2017;20;;;;
18/05/2017;20;;;;
19/05/2017;20;;;;
20/05/2017;20;;;;
21/05/2017;21;;;;
22/05/2017;21;;;;
23/05/2017;21;;;;
24/05/2017;21;;;;
25/05/2017;21;;;;
26/05/2017;21;;;;
27/05/2017;21;;;;
28/05/2017;22;;;;
29/05/2017;22;;;;
30/05/2017;22;;;;
31/05/2017;22;;;;
01/06/2017;22;;;;
02/06/2017;22;;;;
03/06/2017;22;;;;
04/06/2017;23;;;;
05/06/2017;23;;;;
06/06/2017;23;;;;
07/06/2017;23;;;;
08/06/2017;23;;;;
09/06/2017;23;;;;
10/06/2017;23;;;;
11/06/2017;24;;;;
12/06/2017;24;;;;
13/06/2017;24;;;;
14/06/2017;24;;;;
15/06/2017;24;;;;
16/06/2017;24;;;;
17/06/2017;24;;;;
18/06/2017;25;;;;
19/06/2017;25;;;;
20/06/2017;25;;;;
21/06/2017;25;;;;
22/06/2017;25;;;;
23/06/2017;25;;;;
24/06/2017;25;;;;
25/06/2017;26;;;;
26/06/2017;26;;;;
27/06/2017;26;;;;
28/06/2017;26;;;;
29/06/2017;26;;;;
30/06/2017;26;;;;
01/07/2017;26;;;;
02/07/2017;27;;;;
03/07/2017;27;;;;
04/07/2017;27;;;;
05/07/2017;27;;;;
06/07/2017;27;;;;
07/07/2017;27;;;;
08/07/2017;27;;;;
09/07/2017;28;;;;
10/07/2017;28;;;;
11/07/2017;28;;;;
12/07/2017;28;;;;
13/07/2017;28;;;;
14/07/2017;28;;;;
15/07/2017;28;;;;
16/07/2017;29;;;;
17/07/2017;29;;;;
18/07/2017;29;;;;
19/07/2017;29;;;;
20/07/2017;29;;;;
21/07/2017;29;;;;
22/07/2017;29;;;;
23/07/2017;30;;;;
24/07/2017;30;;;;
25/07/2017;30;;;;
26/07/2017;30;;;;
27/07/2017;30;;;;
28/07/2017;30;;;;
29/07/2017;30;;;;
30/07/2017;31;;;;
31/07/2017;31;;;;
01/08/2017;31;;;;
02/08/2017;31;;;;
03/08/2017;31;;;;
04/08/2017;31;;;;
05/08/2017;31;;;;
06/08/2017;32;;;;
07/08/2017;32;;;;
08/08/2017;32;;;;
09/08/2017;32;;;;
10/08/2017;32;;;;
11/08/2017;32;;;;
12/08/2017;32;;;;
13/08/2017;33;;;;
14/08/2017;33;;;;
15/08/2017;33;;;;
16/08/2017;33;;;;
17/08/2017;33;;;;
18/08/2017;33;;;;
19/08/2017;33;;;;
20/08/2017;34;;;;
21/08/2017;34;;;;
22/08/2017;34;;;;
23/08/2017;34;;;;
24/08/2017;34;;;;
25/08/2017;34;;;;
26/08/2017;34;;;;
27/08/2017;35;;;;
28/08/2017;35;;;;
29/08/2017;35;;;;
30/08/2017;35;;;;
31/08/2017;35;;;;
01/09/2017;35;;;;
02/09/2017;35;;;;
03/09/2017;36;;;;
04/09/2017;36;;;;
05/09/2017;36;;;;
06/09/2017;36;;;;
07/09/2017;36;;;;
08/09/2017;36;;;;
09/09/2017;36;;;;
10/09/2017;37;;;;
11/09/2017;37;;;;
12/09/2017;37;;;;
13/09/2017;37;;;;
14/09/2017;37;;;;
15/09/2017;37;;;;
16/09/2017;37;;;;
17/09/2017;38;;;;
18/09/2017;38;;;;
19/09/2017;38;;;;
20/09/2017;38;;;;
21/09/2017;38;;;;
22/09/2017;38;;;;
23/09/2017;38;;;;
24/09/2017;39;;;;
25/09/2017;39;;;;
26/09/2017;39;;;;
27/09/2017;39;;;;
28/09/2017;39;;;;
29/09/2017;39;;;;
30/09/2017;39;;;;
01/10/2017;40;;;;
02/10/2017;40;;;;
03/10/2017;40;;;;
04/10/2017;40;;;;
05/10/2017;40;;;;
06/10/2017;40;;;;
07/10/2017;40;;;;
08/10/2017;41;;;;
09/10/2017;41;;;;
10/10/2017;41;;;;
11/10/2017;41;;;;
12/10/2017;41;;;;
13/10/2017;41;;;;
14/10/2017;41;;;;
15/10/2017;42;;;;
16/10/2017;42;;;;
17/10/2017;42;;;;
18/10/2017;42;;;;
19/10/2017;42;;;;
20/10/2017;42;;;;
21/10/2017;42;;;;
22/10/2017;43;;;;
23/10/2017;43;;;;
24/10/2017;43;;;;
25/10/2017;43;;;;
26/10/2017;43;;;;
27/10/2017;43;;;;
28/10/2017;43;;;;
29/10/2017;44;;;;
30/10/2017;44;;;;
31/10/2017;44;;;;
01/11/2017;44;;;;
02/11/2017;44;;;;
03/11/2017;44;;;;
04/11/2017;44;;;;
05/11/2017;45;;;;
06/11/2017;45;;;;
07/11/2017;45;;;;
08/11/2017;45;;;;
09/11/2017;45;;;;
10/11/2017;45;;;;
11/11/2017;45;;;;
12/11/2017;46;;;;
13/11/2017;46;;;;
14/11/2017;46;;;;
15/11/2017;46;;;;
16/11/2017;46;;;;
17/11/2017;46;;;;
18/11/2017;46;;;;
19/11/2017;47;;;;
20/11/2017;47;;;;
21/11/2017;47;;;;
22/11/2017;47;;;;
23/11/2017;47;;;;
24/11/2017;47;;;;
25/11/2017;47;;;;
26/11/2017;48;;;;
27/11/2017;48;;;;
28/11/2017;48;;;;
29/11/2017;48;;;;
30/11/2017;48;;;;
01/12/2017;48;;;;
02/12/2017;48;;;;
03/12/2017;49;;;;
04/12/2017;49;;;;
05/12/2017;49;;;;
06/12/2017;49;;;;
07/12/2017;49;;;;
08/12/2017;49;;;;
09/12/2017;49;;;;
10/12/2017;50;;;;
11/12/2017;50;;;;
12/12/2017;50;;;;
13/12/2017;50;;;;
14/12/2017;50;;;;
15/12/2017;50;;;;
16/12/2017;50;;;;
17/12/2017;51;;;;
18/12/2017;51;;;;
19/12/2017;51;;;;
20/12/2017;51;;;;
21/12/2017;51;;;;
22/12/2017;51;;;;
23/12/2017;51;;;;
24/12/2017;52;;;;
25/12/2017;52;;;;
26/12/2017;52;;;;
27/12/2017;52;;;;
28/12/2017;52;;;;
29/12/2017;52;;;;
30/12/2017;52;;;;
31/12/2017;1;;;;
01/01/2018;1;;;;
02/01/2018;1;;;;
03/01/2018;1;;;;
04/01/2018;1;;;;
05/01/2018;1;;;;
06/01/2018;1;;;;
07/01/2018;2;;;;
08/01/2018;2;;;;
09/01/2018;2;;;;
10/01/2018;2;;;;
11/01/2018;2;;;;
12/01/2018;2;;;;
13/01/2018;2;;;;
14/01/2018;3;;;;
15/01/2018;3;;;;
16/01/2018;3;;;;
17/01/2018;3;;;;
18/01/2018;3;;;;
19/01/2018;3;;;;
20/01/2018;3;;;;
21/01/2018;4;;;;
22/01/2018;4;;;;
23/01/2018;4;;;;
24/01/2018;4;;;;
25/01/2018;4;;;;
26/01/2018;4;;;;
27/01/2018;4;;;;
28/01/2018;5;;;;
29/01/2018;5;;;;
30/01/2018;5;;;;
31/01/2018;5;;;;
01/02/2018;5;;;;
02/02/2018;5;;;;
03/02/2018;5;;;;
04/02/2018;6;;;;
05/02/2018;6;;;;
06/02/2018;6;;;;
07/02/2018;6;;;;
08/02/2018;6;;;;
09/02/2018;6;;;;
10/02/2018;6;;;;
11/02/2018;7;;;;
12/02/2018;7;;;;
13/02/2018;7;;;;
14/02/2018;7;;;;
15/02/2018;7;;;;
16/02/2018;7;;;;
17/02/2018;7;;;;
18/02/2018;8;;;;
19/02/2018;8;;;;
20/02/2018;8;;;;
21/02/2018;8;;;;
22/02/2018;8;;;;
23/02/2018;8;;;;
24/02/2018;8;;;;
25/02/2018;9;;;;
26/02/2018;9;;;;
27/02/2018;9;;;;
28/02/2018;9;;;;
01/03/2018;9;;;;
02/03/2018;9;;;;
03/03/2018;9;;;;
04/03/2018;10;;;;
05/03/2018;10;;;;
06/03/2018;10;;;;
07/03/2018;10;;;;
08/03/2018;10;;;;
09/03/2018;10;;;;
10/03/2018;10;;;;
11/03/2018;11;;;;
12/03/2018;11;;;;
13/03/2018;11;;;;
14/03/2018;11;;;;
15/03/2018;11;;;;
16/03/2018;11;;;;
17/03/2018;11;;;;
18/03/2018;12;;;;
19/03/2018;12;;;;
20/03/2018;12;;;;
21/03/2018;12;;;;
22/03/2018;12;;;;
23/03/2018;12;;;;
24/03/2018;12;;;;
25/03/2018;13;;;;
26/03/2018;13;;;;
27/03/2018;13;;;;
28/03/2018;13;;;;
29/03/2018;13;;;;
30/03/2018;13;;;;
31/03/2018;13;;;;
01/04/2018;14;;;;
02/04/2018;14;;;;
03/04/2018;14;;;;
04/04/2018;14;;;;
05/04/2018;14;;;;
06/04/2018;14;;;;
07/04/2018;14;;;;
08/04/2018;15;;;;
09/04/2018;15;;;;
10/04/2018;15;;;;
11/04/2018;15;;;;
12/04/2018;15;;;;
13/04/2018;15;;;;
14/04/2018;15;;;;
15/04/2018;16;;;;
16/04/2018;16;;;;
17/04/2018;16;;;;
18/04/2018;16;;;;
19/04/2018;16;;;;
20/04/2018;16;;;;
21/04/2018;16;;;;
22/04/2018;17;;;;
23/04/2018;17;;;;
24/04/2018;17;;;;
25/04/2018;17;;;;
26/04/2018;17;;;;
27/04/2018;17;;;;
28/04/2018;17;;;;
29/04/2018;18;;;;
30/04/2018;18;;;;
01/05/2018;18;;;;
02/05/2018;18;;;;
03/05/2018;18;;;;
04/05/2018;18;;;;
05/05/2018;18;;;;
06/05/2018;19;;;;
07/05/2018;19;;;;
08/05/2018;19;;;;
09/05/2018;19;;;;
10/05/2018;19;;;;
11/05/2018;19;;;;
12/05/2018;19;;;;
13/05/2018;20;;;;
14/05/2018;20;;;;
15/05/2018;20;;;;
16/05/2018;20;;;;
17/05/2018;20;;;;
18/05/2018;20;;;;
19/05/2018;20;;;;
20/05/2018;21;;;;
21/05/2018;21;;;;
22/05/2018;21;;;;
23/05/2018;21;;;;
24/05/2018;21;;;;
25/05/2018;21;;;;
26/05/2018;21;;;;
27/05/2018;22;;;;
28/05/2018;22;;;;
29/05/2018;22;;;;
30/05/2018;22;;;;
31/05/2018;22;;;;
01/06/2018;22;;;;
02/06/2018;22;;;;
03/06/2018;23;;;;
04/06/2018;23;;;;
05/06/2018;23;;;;
06/06/2018;23;;;;
07/06/2018;23;;;;
08/06/2018;23;;;;
09/06/2018;23;;;;
10/06/2018;24;;;;
11/06/2018;24;;;;
12/06/2018;24;;;;
13/06/2018;24;;;;
14/06/2018;24;;;;
15/06/2018;24;;;;
16/06/2018;24;;;;
17/06/2018;25;;;;
18/06/2018;25;;;;
19/06/2018;25;;;;
20/06/2018;25;;;;
21/06/2018;25;;;;
22/06/2018;25;;;;
23/06/2018;25;;;;
24/06/2018;26;;;;
25/06/2018;26;;;;
26/06/2018;26;;;;
27/06/2018;26;;;;
28/06/2018;26;;;;
29/06/2018;26;;;;
30/06/2018;26;;;;
01/07/2018;27;;;;
02/07/2018;27;;;;
03/07/2018;27;;;;
04/07/2018;27;;;;
05/07/2018;27;;;;
06/07/2018;27;;;;
07/07/2018;27;;;;
08/07/2018;28;;;;
09/07/2018;28;;;;
10/07/2018;28;;;;
11/07/2018;28;;;;
12/07/2018;28;;;;
13/07/2018;28;;;;
14/07/2018;28;;;;
15/07/2018;29;;;;
16/07/2018;29;;;;
17/07/2018;29;;;;
18/07/2018;29;;;;
19/07/2018;29;;;;
20/07/2018;29;;;;
21/07/2018;29;;;;
22/07/2018;30;;;;
23/07/2018;30;;;;
24/07/2018;30;;;;
25/07/2018;30;;;;
26/07/2018;30;;;;
27/07/2018;30;;;;
28/07/2018;30;;;;
29/07/2018;31;;;;
30/07/2018;31;;;;
31/07/2018;31;;;;
01/08/2018;31;;;;
02/08/2018;31;;;;
03/08/2018;31;;;;
04/08/2018;31;;;;
05/08/2018;32;;;;
06/08/2018;32;;;;
07/08/2018;32;;;;
08/08/2018;32;;;;
09/08/2018;32;;;;
10/08/2018;32;;;;
11/08/2018;32;;;;
12/08/2018;33;;;;
13/08/2018;33;;;;
14/08/2018;33;;;;
15/08/2018;33;;;;
16/08/2018;33;;;;
17/08/2018;33;;;;
18/08/2018;33;;;;
19/08/2018;34;;;;
20/08/2018;34;;;;
21/08/2018;34;;;;
22/08/2018;34;;;;
23/08/2018;34;;;;
24/08/2018;34;;;;
25/08/2018;34;;;;
26/08/2018;35;;;;
27/08/2018;35;;;;
28/08/2018;35;;;;
29/08/2018;35;;;;
30/08/2018;35;;;;
31/08/2018;35;;;;
01/09/2018;35;;;;
02/09/2018;36;;;;
03/09/2018;36;;;;
04/09/2018;36;;;;
05/09/2018;36;;;;
06/09/2018;36;;;;
07/09/2018;36;;;;
08/09/2018;36;;;;
09/09/2018;37;;;;
10/09/2018;37;;;;
11/09/2018;37;;;;
12/09/2018;37;;;;
13/09/2018;37;;;;
14/09/2018;37;;;;
15/09/2018;37;;;;
16/09/2018;38;;;;
17/09/2018;38;;;;
18/09/2018;38;;;;
19/09/2018;38;;;;
20/09/2018;38;;;;
21/09/2018;38;;;;
22/09/2018;38;;;;
23/09/2018;39;;;;
24/09/2018;39;;;;
25/09/2018;39;;;;
26/09/2018;39;;;;
27/09/2018;39;;;;
28/09/2018;39;;;;
29/09/2018;39;;;;
30/09/2018;40;;;;
01/10/2018;40;;;;
02/10/2018;40;;;;
03/10/2018;40;;;;
04/10/2018;40;;;;
05/10/2018;40;;;;
06/10/2018;40;;;;
07/10/2018;41;;;;
08/10/2018;41;;;;
09/10/2018;41;;;;
10/10/2018;41;;;;
11/10/2018;41;;;;
12/10/2018;41;;;;
13/10/2018;41;;;;
14/10/2018;42;;;;
15/10/2018;42;;;;
16/10/2018;42;;;;
17/10/2018;42;;;;
18/10/2018;42;;;;
19/10/2018;42;;;;
20/10/2018;42;;;;
21/10/2018;43;;;;
22/10/2018;43;;;;
23/10/2018;43;;;;
24/10/2018;43;;;;
25/10/2018;43;;;;
26/10/2018;43;;;;
27/10/2018;43;;;;
28/10/2018;44;;;;
29/10/2018;44;;;;
30/10/2018;44;;;;
31/10/2018;44;;;;
01/11/2018;44;;;;
02/11/2018;44;;;;
03/11/2018;44;;;;
04/11/2018;45;;;;
05/11/2018;45;;;;
06/11/2018;45;;;;
07/11/2018;45;;;;
08/11/2018;45;;;;
09/11/2018;45;;;;
10/11/2018;45;;;;
11/11/2018;46;;;;
12/11/2018;46;;;;
13/11/2018;46;;;;
14/11/2018;46;;;;
15/11/2018;46;;;;
16/11/2018;46;;;;
17/11/2018;46;;;;
18/11/2018;47;;;;
19/11/2018;47;;;;
20/11/2018;47;;;;
21/11/2018;47;;;;
22/11/2018;47;;;;
23/11/2018;47;;;;
24/11/2018;47;;;;
25/11/2018;48;;;;
26/11/2018;48;;;;
27/11/2018;48;;;;
28/11/2018;48;;;;
29/11/2018;48;;;;
30/11/2018;48;;;;
01/12/2018;48;;;;
02/12/2018;49;;;;
03/12/2018;49;;;;
04/12/2018;49;;;;
05/12/2018;49;;;;
06/12/2018;49;;;;
07/12/2018;49;;;;
08/12/2018;49;;;;
09/12/2018;50;;;;
10/12/2018;50;;;;
11/12/2018;50;;;;
12/12/2018;50;;;;
13/12/2018;50;;;;
14/12/2018;50;;;;
15/12/2018;50;;;;
16/12/2018;51;;;;
17/12/2018;51;;;;
18/12/2018;51;;;;
19/12/2018;51;;;;
20/12/2018;51;;;;
21/12/2018;51;;;;
22/12/2018;51;;;;
23/12/2018;52;;;;
24/12/2018;52;;;;
25/12/2018;52;;;;
26/12/2018;52;;;;
27/12/2018;52;;;;
28/12/2018;52;;;;
29/12/2018;52;;;;
30/12/2018;1;;;;
31/12/2018;1;;;;
01/01/2019;1;;;;
02/01/2019;1;;;;
03/01/2019;1;;;;
04/01/2019;1;;;;
05/01/2019;1;;;;
06/01/2019;2;;;;
07/01/2019;2;;;;
08/01/2019;2;;;;
09/01/2019;2;;;;
10/01/2019;2;;;;
11/01/2019;2;;;;
12/01/2019;2;;;;
13/01/2019;3;;;;
14/01/2019;3;;;;
15/01/2019;3;;;;
16/01/2019;3;;;;
17/01/2019;3;;;;
18/01/2019;3;;;;
19/01/2019;3;;;;
20/01/2019;4;;;;
21/01/2019;4;;;;
22/01/2019;4;;;;
23/01/2019;4;;;;
24/01/2019;4;;;;
25/01/2019;4;;;;
26/01/2019;4;;;;
27/01/2019;5;;;;
28/01/2019;5;;;;
29/01/2019;5;;;;
30/01/2019;5;;;;
31/01/2019;5;;;;
01/02/2019;5;;;;
02/02/2019;5;;;;
03/02/2019;6;;;;
04/02/2019;6;;;;
05/02/2019;6;;;;
06/02/2019;6;;;;
07/02/2019;6;;;;
08/02/2019;6;;;;
09/02/2019;6;;;;
10/02/2019;7;;;;
11/02/2019;7;;;;
12/02/2019;7;;;;
13/02/2019;7;;;;
14/02/2019;7;;;;
15/02/2019;7;;;;
16/02/2019;7;;;;
17/02/2019;8;;;;
18/02/2019;8;;;;
19/02/2019;8;;;;
20/02/2019;8;;;;
21/02/2019;8;;;;
22/02/2019;8;;;;
23/02/2019;8;;;;
24/02/2019;9;;;;
25/02/2019;9;;;;
26/02/2019;9;;;;
27/02/2019;9;;;;
28/02/2019;9;;;;
01/03/2019;9;;;;
02/03/2019;9;;;;
03/03/2019;10;;;;
04/03/2019;10;;;;
05/03/2019;10;;;;
06/03/2019;10;;;;
07/03/2019;10;;;;
08/03/2019;10;;;;
09/03/2019;10;;;;
10/03/2019;11;;;;
11/03/2019;11;;;;
12/03/2019;11;;;;
13/03/2019;11;;;;
14/03/2019;11;;;;
15/03/2019;11;;;;
16/03/2019;11;;;;
17/03/2019;12;;;;
18/03/2019;12;;;;
19/03/2019;12;;;;
20/03/2019;12;;;;
21/03/2019;12;;;;
22/03/2019;12;;;;
23/03/2019;12;;;;
24/03/2019;13;;;;
25/03/2019;13;;;;
26/03/2019;13;;;;
27/03/2019;13;;;;
28/03/2019;13;;;;
29/03/2019;13;;;;
30/03/2019;13;;;;
31/03/2019;14;;;;
01/04/2019;14;;;;
02/04/2019;14;;;;
03/04/2019;14;;;;
04/04/2019;14;;;;
05/04/2019;14;;;;
06/04/2019;14;;;;
07/04/2019;15;;;;
08/04/2019;15;;;;
09/04/2019;15;;;;
10/04/2019;15;;;;
11/04/2019;15;;;;
12/04/2019;15;;;;
13/04/2019;15;;;;
14/04/2019;16;;;;
15/04/2019;16;;;;
16/04/2019;16;;;;
17/04/2019;16;;;;
18/04/2019;16;;;;
19/04/2019;16;;;;
20/04/2019;16;;;;
21/04/2019;17;;;;
22/04/2019;17;;;;
23/04/2019;17;;;;
24/04/2019;17;;;;
25/04/2019;17;;;;
26/04/2019;17;;;;
27/04/2019;17;;;;
28/04/2019;18;;;;
29/04/2019;18;;;;
30/04/2019;18;;;;
01/05/2019;18;;;;
02/05/2019;18;;;;
03/05/2019;18;;;;
04/05/2019;18;;;;
05/05/2019;19;;;;
06/05/2019;19;;;;
07/05/2019;19;;;;
08/05/2019;19;;;;
09/05/2019;19;;;;
10/05/2019;19;;;;
11/05/2019;19;;;;
12/05/2019;20;;;;
13/05/2019;20;;;;
14/05/2019;20;;;;
15/05/2019;20;;;;
16/05/2019;20;;;;
17/05/2019;20;;;;
18/05/2019;20;;;;
19/05/2019;21;;;;
20/05/2019;21;;;;
21/05/2019;21;;;;
22/05/2019;21;;;;
23/05/2019;21;;;;
24/05/2019;21;;;;
25/05/2019;21;;;;
26/05/2019;22;;;;
27/05/2019;22;;;;
28/05/2019;22;;;;
29/05/2019;22;;;;
30/05/2019;22;;;;
31/05/2019;22;;;;
01/06/2019;22;;;;
02/06/2019;23;;;;
03/06/2019;23;;;;
04/06/2019;23;;;;
05/06/2019;23;;;;
06/06/2019;23;;;;
07/06/2019;23;;;;
08/06/2019;23;;;;
09/06/2019;24;;;;
10/06/2019;24;;;;
11/06/2019;24;;;;
12/06/2019;24;;;;
13/06/2019;24;;;;
14/06/2019;24;;;;
15/06/2019;24;;;;
16/06/2019;25;;;;
17/06/2019;25;;;;
18/06/2019;25;;;;
19/06/2019;25;;;;
20/06/2019;25;;;;
21/06/2019;25;;;;
22/06/2019;25;;;;
23/06/2019;26;;;;
24/06/2019;26;;;;
25/06/2019;26;;;;
26/06/2019;26;;;;
27/06/2019;26;;;;
28/06/2019;26;;;;
29/06/2019;26;;;;
30/06/2019;27;;;;
01/07/2019;27;;;;
02/07/2019;27;;;;
03/07/2019;27;;;;
04/07/2019;27;;;;
05/07/2019;27;;;;
06/07/2019;27;;;;
07/07/2019;28;;;;
08/07/2019;28;;;;
09/07/2019;28;;;;
10/07/2019;28;;;;
11/07/2019;28;;;;
12/07/2019;28;;;;
13/07/2019;28;;;;
14/07/2019;29;;;;
15/07/2019;29;;;;
16/07/2019;29;;;;
17/07/2019;29;;;;
18/07/2019;29;;;;
19/07/2019;29;;;;
20/07/2019;29;;;;
21/07/2019;30;;;;
22/07/2019;30;;;;
23/07/2019;30;;;;
24/07/2019;30;;;;
25/07/2019;30;;;;
26/07/2019;30;;;;
27/07/2019;30;;;;
28/07/2019;31;;;;
29/07/2019;31;;;;
30/07/2019;31;;;;
31/07/2019;31;;;;
01/08/2019;31;;;;
02/08/2019;31;;;;
03/08/2019;31;;;;
04/08/2019;32;;;;
05/08/2019;32;;;;
06/08/2019;32;;;;
07/08/2019;32;;;;
08/08/2019;32;;;;
09/08/2019;32;;;;
10/08/2019;32;;;;
11/08/2019;33;;;;
12/08/2019;33;;;;
13/08/2019;33;;;;
14/08/2019;33;;;;
15/08/2019;33;;;;
16/08/2019;33;;;;
17/08/2019;33;;;;
18/08/2019;34;;;;
19/08/2019;34;;;;
20/08/2019;34;;;;
21/08/2019;34;;;;
22/08/2019;34;;;;
23/08/2019;34;;;;
24/08/2019;34;;;;
25/08/2019;35;;;;
26/08/2019;35;;;;
27/08/2019;35;;;;
28/08/2019;35;;;;
29/08/2019;35;;;;
30/08/2019;35;;;;
31/08/2019;35;;;;
01/09/2019;36;;;;
02/09/2019;36;;;;
03/09/2019;36;;;;
04/09/2019;36;;;;
05/09/2019;36;;;;
06/09/2019;36;;;;
07/09/2019;36;;;;
08/09/2019;37;;;;
09/09/2019;37;;;;
10/09/2019;37;;;;
11/09/2019;37;;;;
12/09/2019;37;;;;
13/09/2019;37;;;;
14/09/2019;37;;;;
15/09/2019;38;;;;
16/09/2019;38;;;;
17/09/2019;38;;;;
18/09/2019;38;;;;
19/09/2019;38;;;;
20/09/2019;38;;;;
21/09/2019;38;;;;
22/09/2019;39;;;;
23/09/2019;39;;;;
24/09/2019;39;;;;
25/09/2019;39;;;;
26/09/2019;39;;;;
27/09/2019;39;;;;
28/09/2019;39;;;;
29/09/2019;40;;;;
30/09/2019;40;;;;
01/10/2019;40;;;;
02/10/2019;40;;;;
03/10/2019;40;;;;
04/10/2019;40;;;;
05/10/2019;40;;;;
06/10/2019;41;;;;
07/10/2019;41;;;;
08/10/2019;41;;;;
09/10/2019;41;;;;
10/10/2019;41;;;;
11/10/2019;41;;;;
12/10/2019;41;;;;
13/10/2019;42;;;;
14/10/2019;42;;;;
15/10/2019;42;;;;
16/10/2019;42;;;;
17/10/2019;42;;;;
18/10/2019;42;;;;
19/10/2019;42;;;;
20/10/2019;43;;;;
21/10/2019;43;;;;
22/10/2019;43;;;;
23/10/2019;43;;;;
24/10/2019;43;;;;
25/10/2019;43;;;;
26/10/2019;43;;;;
27/10/2019;44;;;;
28/10/2019;44;;;;
29/10/2019;44;;;;
30/10/2019;44;;;;
31/10/2019;44;;;;
01/11/2019;44;;;;
02/11/2019;44;;;;
03/11/2019;45;;;;
04/11/2019;45;;;;
05/11/2019;45;;;;
06/11/2019;45;;;;
07/11/2019;45;;;;
08/11/2019;45;;;;
09/11/2019;45;;;;
10/11/2019;46;;;;
11/11/2019;46;;;;
12/11/2019;46;;;;
13/11/2019;46;;;;
14/11/2019;46;;;;
15/11/2019;46;;;;
16/11/2019;46;;;;
17/11/2019;47;;;;
18/11/2019;47;;;;
19/11/2019;47;;;;
20/11/2019;47;;;;
21/11/2019;47;;;;
22/11/2019;47;;;;
23/11/2019;47;;;;
24/11/2019;48;;;;
25/11/2019;48;;;;
26/11/2019;48;;;;
27/11/2019;48;;;;
28/11/2019;48;;;;
29/11/2019;48;;;;
30/11/2019;48;;;;
01/12/2019;49;;;;
02/12/2019;49;;;;
03/12/2019;49;;;;
04/12/2019;49;;;;
05/12/2019;49;;;;
06/12/2019;49;;;;
07/12/2019;49;;;;
08/12/2019;50;;;;
09/12/2019;50;;;;
10/12/2019;50;;;;
11/12/2019;50;;;;
12/12/2019;50;;;;
13/12/2019;50;;;;
14/12/2019;50;;;;
15/12/2019;51;;;;
16/12/2019;51;;;;
17/12/2019;51;;;;
18/12/2019;51;;;;
19/12/2019;51;;;;
20/12/2019;51;;;;
21/12/2019;51;;;;
22/12/2019;52;;;;
23/12/2019;52;;;;
24/12/2019;52;;;;
25/12/2019;52;;;;
26/12/2019;52;;;;
27/12/2019;52;;;;
28/12/2019;52;;;;
29/12/2019;1;;;;
30/12/2019;1;;;;
31/12/2019;1;;;;
01/01/2020;1;;;;
02/01/2020;1;;;;
03/01/2020;1;;;;
04/01/2020;1;;;;
05/01/2020;2;;;;
06/01/2020;2;;;;
07/01/2020;2;;;;
08/01/2020;2;;;;
09/01/2020;2;;;;
10/01/2020;2;;;;
11/01/2020;2;;;;
12/01/2020;3;;;;
13/01/2020;3;;;;
14/01/2020;3;;;;
15/01/2020;3;;;;
16/01/2020;3;;;;
17/01/2020;3;;;;
18/01/2020;3;;;;
19/01/2020;4;;;;
20/01/2020;4;;;;
21/01/2020;4;;;;
22/01/2020;4;;;;
23/01/2020;4;;;;
24/01/2020;4;;;;
25/01/2020;4;;;;
26/01/2020;5;;;;
27/01/2020;5;;;;
28/01/2020;5;;;;
29/01/2020;5;;;;
30/01/2020;5;;;;
31/01/2020;5;;;;
01/02/2020;5;;;;
02/02/2020;6;;;;
03/02/2020;6;;;;
04/02/2020;6;;;;
05/02/2020;6;;;;
06/02/2020;6;;;;
07/02/2020;6;;;;
08/02/2020;6;;;;
09/02/2020;7;;;;
10/02/2020;7;;;;
11/02/2020;7;;;;
12/02/2020;7;;;;
13/02/2020;7;;;;
14/02/2020;7;;;;
15/02/2020;7;;;;
16/02/2020;8;;;;
17/02/2020;8;;;;
18/02/2020;8;;;;
19/02/2020;8;;;;
20/02/2020;8;;;;
21/02/2020;8;;;;
22/02/2020;8;;;;
23/02/2020;9;;;;
24/02/2020;9;;;;
25/02/2020;9;;;;
26/02/2020;9;;;;
27/02/2020;9;;;;
28/02/2020;9;;;;
29/02/2020;9;;;;
01/03/2020;10;;;;
02/03/2020;10;;;;
03/03/2020;10;;;;
04/03/2020;10;;;;
05/03/2020;10;;;;
06/03/2020;10;;;;
07/03/2020;10;;;;
08/03/2020;11;;;;
09/03/2020;11;;;;
10/03/2020;11;;;;
11/03/2020;11;;;;
12/03/2020;11;;;;
13/03/2020;11;;;;
14/03/2020;11;;;;
15/03/2020;12;;;;
16/03/2020;12;;;;
17/03/2020;12;;;;
18/03/2020;12;;;;
19/03/2020;12;;;;
20/03/2020;12;;;;
21/03/2020;12;;;;
22/03/2020;13;;;;
23/03/2020;13;;;;
24/03/2020;13;;;;
25/03/2020;13;;;;
26/03/2020;13;;;;
27/03/2020;13;;;;
28/03/2020;13;;;;
29/03/2020;14;;;;
30/03/2020;14;;;;
31/03/2020;14;;;;
01/04/2020;14;;;;
02/04/2020;14;;;;
03/04/2020;14;;;;
04/04/2020;14;;;;
05/04/2020;15;;;;
06/04/2020;15;;;;
07/04/2020;15;;;;
08/04/2020;15;;;;
09/04/2020;15;;;;
10/04/2020;15;;;;
11/04/2020;15;;;;
12/04/2020;16;;;;
13/04/2020;16;;;;
14/04/2020;16;;;;
15/04/2020;16;;;;
16/04/2020;16;;;;
17/04/2020;16;;;;
18/04/2020;16;;;;
19/04/2020;17;;;;
20/04/2020;17;;;;
21/04/2020;17;;;;
22/04/2020;17;;;;
23/04/2020;17;;;;
24/04/2020;17;;;;
25/04/2020;17;;;;
26/04/2020;18;;;;
27/04/2020;18;;;;
28/04/2020;18;;;;
29/04/2020;18;;;;
30/04/2020;18;;;;
01/05/2020;18;;;;
02/05/2020;18;;;;
03/05/2020;19;;;;
04/05/2020;19;;;;
05/05/2020;19;;;;
06/05/2020;19;;;;
07/05/2020;19;;;;
08/05/2020;19;;;;
09/05/2020;19;;;;
10/05/2020;20;;;;
11/05/2020;20;;;;
12/05/2020;20;;;;
13/05/2020;20;;;;
14/05/2020;20;;;;
15/05/2020;20;;;;
16/05/2020;20;;;;
17/05/2020;21;;;;
18/05/2020;21;;;;
19/05/2020;21;;;;
20/05/2020;21;;;;
21/05/2020;21;;;;
22/05/2020;21;;;;
23/05/2020;21;;;;
24/05/2020;22;;;;
25/05/2020;22;;;;
26/05/2020;22;;;;
27/05/2020;22;;;;
28/05/2020;22;;;;
29/05/2020;22;;;;
30/05/2020;22;;;;
31/05/2020;23;;;;
01/06/2020;23;;;;
02/06/2020;23;;;;
03/06/2020;23;;;;
04/06/2020;23;;;;
05/06/2020;23;;;;
06/06/2020;23;;;;
07/06/2020;24;;;;
08/06/2020;24;;;;
09/06/2020;24;;;;
10/06/2020;24;;;;
11/06/2020;24;;;;
12/06/2020;24;;;;
13/06/2020;24;;;;
14/06/2020;25;;;;
15/06/2020;25;;;;
16/06/2020;25;;;;
17/06/2020;25;;;;
18/06/2020;25;;;;
19/06/2020;25;;;;
20/06/2020;25;;;;
21/06/2020;26;;;;
22/06/2020;26;;;;
23/06/2020;26;;;;
24/06/2020;26;;;;
25/06/2020;26;;;;
26/06/2020;26;;;;
27/06/2020;26;;;;
28/06/2020;27;;;;
29/06/2020;27;;;;
30/06/2020;27;;;;
01/07/2020;27;;;;
02/07/2020;27;;;;
03/07/2020;27;;;;
04/07/2020;27;;;;
05/07/2020;28;;;;
06/07/2020;28;;;;
07/07/2020;28;;;;
08/07/2020;28;;;;
09/07/2020;28;;;;
10/07/2020;28;;;;
11/07/2020;28;;;;
12/07/2020;29;;;;
13/07/2020;29;;;;
14/07/2020;29;;;;
15/07/2020;29;;;;
16/07/2020;29;;;;
17/07/2020;29;;;;
18/07/2020;29;;;;
19/07/2020;30;;;;
20/07/2020;30;;;;
21/07/2020;30;;;;
22/07/2020;30;;;;
23/07/2020;30;;;;
24/07/2020;30;;;;
25/07/2020;30;;;;
26/07/2020;31;;;;
27/07/2020;31;;;;
28/07/2020;31;;;;
29/07/2020;31;;;;
30/07/2020;31;;;;
31/07/2020;31;;;;
01/08/2020;31;;;;
02/08/2020;32;;;;
03/08/2020;32;;;;
04/08/2020;32;;;;
05/08/2020;32;;;;
06/08/2020;32;;;;
07/08/2020;32;;;;
08/08/2020;32;;;;
09/08/2020;33;;;;
10/08/2020;33;;;;
11/08/2020;33;;;;
12/08/2020;33;;;;
13/08/2020;33;;;;
14/08/2020;33;;;;
15/08/2020;33;;;;
16/08/2020;34;;;;
17/08/2020;34;;;;
18/08/2020;34;;;;
19/08/2020;34;;;;
20/08/2020;34;;;;
21/08/2020;34;;;;
22/08/2020;34;;;;
23/08/2020;35;;;;
24/08/2020;35;;;;
25/08/2020;35;;;;
26/08/2020;35;;;;
27/08/2020;35;;;;
28/08/2020;35;;;;
29/08/2020;35;;;;
30/08/2020;36;;;;
31/08/2020;36;;;;
01/09/2020;36;;;;
02/09/2020;36;;;;
03/09/2020;36;;;;
04/09/2020;36;;;;
05/09/2020;36;;;;
06/09/2020;37;;;;
07/09/2020;37;;;;
08/09/2020;37;;;;
09/09/2020;37;;;;
10/09/2020;37;;;;
11/09/2020;37;;;;
12/09/2020;37;;;;
13/09/2020;38;;;;
14/09/2020;38;;;;
15/09/2020;38;;;;
16/09/2020;38;;;;
17/09/2020;38;;;;
18/09/2020;38;;;;
19/09/2020;38;;;;
20/09/2020;39;;;;
21/09/2020;39;;;;
22/09/2020;39;;;;
23/09/2020;39;;;;
24/09/2020;39;;;;
25/09/2020;39;;;;
26/09/2020;39;;;;
27/09/2020;40;;;;
28/09/2020;40;;;;
29/09/2020;40;;;;
30/09/2020;40;;;;
01/10/2020;40;;;;
02/10/2020;40;;;;
03/10/2020;40;;;;
04/10/2020;41;;;;
05/10/2020;41;;;;
06/10/2020;41;;;;
07/10/2020;41;;;;
08/10/2020;41;;;;
09/10/2020;41;;;;
10/10/2020;41;;;;
11/10/2020;42;;;;
12/10/2020;42;;;;
13/10/2020;42;;;;
14/10/2020;42;;;;
15/10/2020;42;;;;
16/10/2020;42;;;;
17/10/2020;42;;;;
18/10/2020;43;;;;
19/10/2020;43;;;;
20/10/2020;43;;;;
21/10/2020;43;;;;
22/10/2020;43;;;;
23/10/2020;43;;;;
24/10/2020;43;;;;
25/10/2020;44;;;;
26/10/2020;44;;;;
27/10/2020;44;;;;
28/10/2020;44;;;;
29/10/2020;44;;;;
30/10/2020;44;;;;
31/10/2020;44;;;;
01/11/2020;45;;;;
02/11/2020;45;;;;
03/11/2020;45;;;;
04/11/2020;45;;;;
05/11/2020;45;;;;
06/11/2020;45;;;;
07/11/2020;45;;;;
08/11/2020;46;;;;
09/11/2020;46;;;;
10/11/2020;46;;;;
11/11/2020;46;;;;
12/11/2020;46;;;;
13/11/2020;46;;;;
14/11/2020;46;;;;
15/11/2020;47;;;;
16/11/2020;47;;;;
17/11/2020;47;;;;
18/11/2020;47;;;;
19/11/2020;47;;;;
20/11/2020;47;;;;
21/11/2020;47;;;;
22/11/2020;48;;;;
23/11/2020;48;;;;
24/11/2020;48;;;;
25/11/2020;48;;;;
26/11/2020;48;;;;
27/11/2020;48;;;;
28/11/2020;48;;;;
29/11/2020;49;;;;
30/11/2020;49;;;;
01/12/2020;49;;;;
02/12/2020;49;;;;
03/12/2020;49;;;;
04/12/2020;49;;;;
05/12/2020;49;;;;
06/12/2020;50;;;;
07/12/2020;50;;;;
08/12/2020;50;;;;
09/12/2020;50;;;;
10/12/2020;50;;;;
11/12/2020;50;;;;
12/12/2020;50;;;;
13/12/2020;51;;;;
14/12/2020;51;;;;
15/12/2020;51;;;;
16/12/2020;51;;;;
17/12/2020;51;;;;
18/12/2020;51;;;;
19/12/2020;51;;;;
20/12/2020;52;;;;
21/12/2020;52;;;;
22/12/2020;52;;;;
23/12/2020;52;;;;
24/12/2020;52;;;;
25/12/2020;52;;;;
26/12/2020;52;;;;
27/12/2020;53;;;;
28/12/2020;53;;;;
29/12/2020;53;;;;
30/12/2020;53;;;;
31/12/2020;53;;;;
01/01/2021;53;;;;
02/01/2021;53;;;;
03/01/2021;1;;;;
04/01/2021;1;;;;
05/01/2021;1;;;;
06/01/2021;1;;;;
07/01/2021;1;;;;
08/01/2021;1;;;;
09/01/2021;1;;;;
10/01/2021;2;;;;
11/01/2021;2;;;;
12/01/2021;2;;;;
13/01/2021;2;;;;
14/01/2021;2;;;;
15/01/2021;2;;;;
16/01/2021;2;;;;
17/01/2021;3;;;;
18/01/2021;3;;;;
19/01/2021;3;;;;
20/01/2021;3;;;;
21/01/2021;3;;;;
22/01/2021;3;;;;
23/01/2021;3;;;;
24/01/2021;4;;;;
25/01/2021;4;;;;
26/01/2021;4;;;;
27/01/2021;4;;;;
28/01/2021;4;;;;
29/01/2021;4;;;;
30/01/2021;4;;;;
31/01/2021;5;;;;
01/02/2021;5;;;;
02/02/2021;5;;;;
03/02/2021;5;;;;
04/02/2021;5;;;;
05/02/2021;5;;;;
06/02/2021;5;;;;
07/02/2021;6;;;;
08/02/2021;6;;;;
09/02/2021;6;;;;
10/02/2021;6;;;;
11/02/2021;6;;;;
12/02/2021;6;;;;
13/02/2021;6;;;;
14/02/2021;7;;;;
15/02/2021;7;;;;
16/02/2021;7;;;;
17/02/2021;7;;;;
18/02/2021;7;;;;
19/02/2021;7;;;;
20/02/2021;7;;;;
21/02/2021;8;;;;
22/02/2021;8;;;;
23/02/2021;8;;;;
24/02/2021;8;;;;
25/02/2021;8;;;;
26/02/2021;8;;;;
27/02/2021;8;;;;
28/02/2021;9;;;;
01/03/2021;9;;;;
02/03/2021;9;;;;
03/03/2021;9;;;;
04/03/2021;9;;;;
05/03/2021;9;;;;
06/03/2021;9;;;;
07/03/2021;10;;;;
08/03/2021;10;;;;
09/03/2021;10;;;;
10/03/2021;10;;;;
11/03/2021;10;;;;
12/03/2021;10;;;;
13/03/2021;10;;;;
14/03/2021;11;;;;
15/03/2021;11;;;;
16/03/2021;11;;;;
17/03/2021;11;;;;
18/03/2021;11;;;;
19/03/2021;11;;;;
20/03/2021;11;;;;
21/03/2021;12;;;;
22/03/2021;12;;;;
23/03/2021;12;;;;
24/03/2021;12;;;;
25/03/2021;12;;;;
26/03/2021;12;;;;
27/03/2021;12;;;;
28/03/2021;13;;;;
29/03/2021;13;;;;
30/03/2021;13;;;;
31/03/2021;13;;;;
01/04/2021;13;;;;
02/04/2021;13;;;;
03/04/2021;13;;;;
04/04/2021;14;;;;
05/04/2021;14;;;;
06/04/2021;14;;;;
07/04/2021;14;;;;
08/04/2021;14;;;;
09/04/2021;14;;;;
10/04/2021;14;;;;
11/04/2021;15;;;;
12/04/2021;15;;;;
13/04/2021;15;;;;
14/04/2021;15;;;;
15/04/2021;15;;;;
16/04/2021;15;;;;
17/04/2021;15;;;;
18/04/2021;16;;;;
19/04/2021;16;;;;
20/04/2021;16;;;;
21/04/2021;16;;;;
22/04/2021;16;;;;
23/04/2021;16;;;;
24/04/2021;16;;;;
25/04/2021;17;;;;
26/04/2021;17;;;;
27/04/2021;17;;;;
28/04/2021;17;;;;
29/04/2021;17;;;;
30/04/2021;17;;;;
01/05/2021;17;;;;
02/05/2021;18;;;;
03/05/2021;18;;;;
04/05/2021;18;;;;
05/05/2021;18;;;;
06/05/2021;18;;;;
07/05/2021;18;;;;
08/05/2021;18;;;;
09/05/2021;19;;;;
10/05/2021;19;;;;
11/05/2021;19;;;;
12/05/2021;19;;;;
13/05/2021;19;;;;
14/05/2021;19;;;;
15/05/2021;19;;;;
16/05/2021;20;;;;
17/05/2021;20;;;;
18/05/2021;20;;;;
19/05/2021;20;;;;
20/05/2021;20;;;;
21/05/2021;20;;;;
22/05/2021;20;;;;
23/05/2021;21;;;;
24/05/2021;21;;;;
25/05/2021;21;;;;
26/05/2021;21;;;;
27/05/2021;21;;;;
28/05/2021;21;;;;
29/05/2021;21;;;;
30/05/2021;22;;;;
31/05/2021;22;;;;
01/06/2021;22;;;;
02/06/2021;22;;;;
03/06/2021;22;;;;
04/06/2021;22;;;;
05/06/2021;22;;;;
06/06/2021;23;;;;
07/06/2021;23;;;;
08/06/2021;23;;;;
09/06/2021;23;;;;
10/06/2021;23;;;;
11/06/2021;23;;;;
12/06/2021;23;;;;
13/06/2021;24;;;;
14/06/2021;24;;;;
15/06/2021;24;;;;
16/06/2021;24;;;;
17/06/2021;24;;;;
18/06/2021;24;;;;
19/06/2021;24;;;;
20/06/2021;25;;;;
21/06/2021;25;;;;
22/06/2021;25;;;;
23/06/2021;25;;;;
24/06/2021;25;;;;
25/06/2021;25;;;;
26/06/2021;25;;;;
27/06/2021;26;;;;
28/06/2021;26;;;;
29/06/2021;26;;;;
30/06/2021;26;;;;
01/07/2021;26;;;;
02/07/2021;26;;;;
03/07/2021;26;;;;
04/07/2021;27;;;;
05/07/2021;27;;;;
06/07/2021;27;;;;
07/07/2021;27;;;;
08/07/2021;27;;;;
09/07/2021;27;;;;
10/07/2021;27;;;;
11/07/2021;28;;;;
12/07/2021;28;;;;
13/07/2021;28;;;;
14/07/2021;28;;;;
15/07/2021;28;;;;
16/07/2021;28;;;;
17/07/2021;28;;;;
18/07/2021;29;;;;
19/07/2021;29;;;;
20/07/2021;29;;;;
21/07/2021;29;;;;
22/07/2021;29;;;;
23/07/2021;29;;;;
24/07/2021;29;;;;
25/07/2021;30;;;;
26/07/2021;30;;;;
27/07/2021;30;;;;
28/07/2021;30;;;;
29/07/2021;30;;;;
30/07/2021;30;;;;
31/07/2021;30;;;;
01/08/2021;31;;;;
02/08/2021;31;;;;
03/08/2021;31;;;;
04/08/2021;31;;;;
05/08/2021;31;;;;
06/08/2021;31;;;;
07/08/2021;31;;;;
08/08/2021;32;;;;
09/08/2021;32;;;;
10/08/2021;32;;;;
11/08/2021;32;;;;
12/08/2021;32;;;;
13/08/2021;32;;;;
14/08/2021;32;;;;
15/08/2021;33;;;;
16/08/2021;33;;;;
17/08/2021;33;;;;
18/08/2021;33;;;;
19/08/2021;33;;;;
20/08/2021;33;;;;
21/08/2021;33;;;;
22/08/2021;34;;;;
23/08/2021;34;;;;
24/08/2021;34;;;;
25/08/2021;34;;;;
26/08/2021;34;;;;
27/08/2021;34;;;;
28/08/2021;34;;;;
29/08/2021;35;;;;
30/08/2021;35;;;;
31/08/2021;35;;;;
01/09/2021;35;;;;
02/09/2021;35;;;;
03/09/2021;35;;;;
04/09/2021;35;;;;
05/09/2021;36;;;;
06/09/2021;36;;;;
07/09/2021;36;;;;
08/09/2021;36;;;;
09/09/2021;36;;;;
10/09/2021;36;;;;
11/09/2021;36;;;;
12/09/2021;37;;;;
13/09/2021;37;;;;
14/09/2021;37;;;;
15/09/2021;37;;;;
16/09/2021;37;;;;
17/09/2021;37;;;;
18/09/2021;37;;;;
19/09/2021;38;;;;
20/09/2021;38;;;;
21/09/2021;38;;;;
22/09/2021;38;;;;
23/09/2021;38;;;;
24/09/2021;38;;;;
25/09/2021;38;;;;
26/09/2021;39;;;;
27/09/2021;39;;;;
28/09/2021;39;;;;
29/09/2021;39;;;;
30/09/2021;39;;;;
01/10/2021;39;;;;
02/10/2021;39;;;;
03/10/2021;40;;;;
04/10/2021;40;;;;
05/10/2021;40;;;;
06/10/2021;40;;;;
07/10/2021;40;;;;
08/10/2021;40;;;;
09/10/2021;40;;;;
10/10/2021;41;;;;
11/10/2021;41;;;;
12/10/2021;41;;;;
13/10/2021;41;;;;
14/10/2021;41;;;;
15/10/2021;41;;;;
16/10/2021;41;;;;
17/10/2021;42;;;;
18/10/2021;42;;;;
19/10/2021;42;;;;
20/10/2021;42;;;;
21/10/2021;42;;;;
22/10/2021;42;;;;
23/10/2021;42;;;;
24/10/2021;43;;;;
25/10/2021;43;;;;
26/10/2021;43;;;;
27/10/2021;43;;;;
28/10/2021;43;;;;
29/10/2021;43;;;;
30/10/2021;43;;;;
31/10/2021;44;;;;
01/11/2021;44;;;;
02/11/2021;44;;;;
03/11/2021;44;;;;
04/11/2021;44;;;;
05/11/2021;44;;;;
06/11/2021;44;;;;
07/11/2021;45;;;;
08/11/2021;45;;;;
09/11/2021;45;;;;
10/11/2021;45;;;;
11/11/2021;45;;;;
12/11/2021;45;;;;
13/11/2021;45;;;;
14/11/2021;46;;;;
15/11/2021;46;;;;
16/11/2021;46;;;;
17/11/2021;46;;;;
18/11/2021;46;;;;
19/11/2021;46;;;;
20/11/2021;46;;;;
21/11/2021;47;;;;
22/11/2021;47;;;;
23/11/2021;47;;;;
24/11/2021;47;;;;
25/11/2021;47;;;;
26/11/2021;47;;;;
27/11/2021;47;;;;
28/11/2021;48;;;;
29/11/2021;48;;;;
30/11/2021;48;;;;
01/12/2021;48;;;;
02/12/2021;48;;;;
03/12/2021;48;;;;
04/12/2021;48;;;;
05/12/2021;49;;;;
06/12/2021;49;;;;
07/12/2021;49;;;;
08/12/2021;49;;;;
09/12/2021;49;;;;
10/12/2021;49;;;;
11/12/2021;49;;;;
12/12/2021;50;;;;
13/12/2021;50;;;;
14/12/2021;50;;;;
15/12/2021;50;;;;
16/12/2021;50;;;;
17/12/2021;50;;;;
18/12/2021;50;;;;
19/12/2021;51;;;;
20/12/2021;51;;;;
21/12/2021;51;;;;
22/12/2021;51;;;;
23/12/2021;51;;;;
24/12/2021;51;;;;
25/12/2021;51;;;;
26/12/2021;52;;;;
27/12/2021;52;;;;
28/12/2021;52;;;;
29/12/2021;52;;;;
30/12/2021;52;;;;
31/12/2021;52;;;;
01/01/2022;52;;;;
02/01/2022;1;;;;
03/01/2022;1;;;;
04/01/2022;1;;;;
05/01/2022;1;;;;
06/01/2022;1;;;;
07/01/2022;1;;;;
08/01/2022;1;;;;
09/01/2022;2;;;;
10/01/2022;2;;;;
11/01/2022;2;;;;
12/01/2022;2;;;;
13/01/2022;2;;;;
14/01/2022;2;;;;
15/01/2022;2;;;;
16/01/2022;3;;;;
17/01/2022;3;;;;
18/01/2022;3;;;;
19/01/2022;3;;;;
20/01/2022;3;;;;
21/01/2022;3;;;;
22/01/2022;3;;;;
23/01/2022;4;;;;
24/01/2022;4;;;;
25/01/2022;4;;;;
26/01/2022;4;;;;
27/01/2022;4;;;;
28/01/2022;4;;;;
29/01/2022;4;;;;
30/01/2022;5;;;;
31/01/2022;5;;;;
01/02/2022;5;;;;
02/02/2022;5;;;;
03/02/2022;5;;;;
04/02/2022;5;;;;
05/02/2022;5;;;;
06/02/2022;6;;;;
07/02/2022;6;;;;
08/02/2022;6;;;;
09/02/2022;6;;;;
10/02/2022;6;;;;
11/02/2022;6;;;;
12/02/2022;6;;;;
13/02/2022;7;;;;
14/02/2022;7;;;;
15/02/2022;7;;;;
16/02/2022;7;;;;
17/02/2022;7;;;;
18/02/2022;7;;;;
19/02/2022;7;;;;
20/02/2022;8;;;;
21/02/2022;8;;;;
22/02/2022;8;;;;
23/02/2022;8;;;;
24/02/2022;8;;;;
25/02/2022;8;;;;
26/02/2022;8;;;;
27/02/2022;9;;;;
28/02/2022;9;;;;
01/03/2022;9;;;;
02/03/2022;9;;;;
03/03/2022;9;;;;
04/03/2022;9;;;;
05/03/2022;9;;;;
06/03/2022;10;;;;
07/03/2022;10;;;;
08/03/2022;10;;;;
09/03/2022;10;;;;
10/03/2022;10;;;;
11/03/2022;10;;;;
12/03/2022;10;;;;
13/03/2022;11;;;;
14/03/2022;11;;;;
15/03/2022;11;;;;
16/03/2022;11;;;;
17/03/2022;11;;;;
18/03/2022;11;;;;
19/03/2022;11;;;;
20/03/2022;12;;;;
21/03/2022;12;;;;
22/03/2022;12;;;;
23/03/2022;12;;;;
24/03/2022;12;;;;
25/03/2022;12;;;;
26/03/2022;12;;;;
27/03/2022;13;;;;
28/03/2022;13;;;;
29/03/2022;13;;;;
30/03/2022;13;;;;
31/03/2022;13;;;;
01/04/2022;13;;;;
02/04/2022;13;;;;
03/04/2022;14;;;;
04/04/2022;14;;;;
05/04/2022;14;;;;
06/04/2022;14;;;;
07/04/2022;14;;;;
08/04/2022;14;;;;
09/04/2022;14;;;;
10/04/2022;15;;;;
11/04/2022;15;;;;
12/04/2022;15;;;;
13/04/2022;15;;;;
14/04/2022;15;;;;
15/04/2022;15;;;;
16/04/2022;15;;;;
17/04/2022;16;;;;
18/04/2022;16;;;;
19/04/2022;16;;;;
20/04/2022;16;;;;
21/04/2022;16;;;;
22/04/2022;16;;;;
23/04/2022;16;;;;
24/04/2022;17;;;;
25/04/2022;17;;;;
26/04/2022;17;;;;
27/04/2022;17;;;;
28/04/2022;17;;;;
29/04/2022;17;;;;
30/04/2022;17;;;;
01/05/2022;18;;;;
02/05/2022;18;;;;
03/05/2022;18;;;;
04/05/2022;18;;;;
05/05/2022;18;;;;
06/05/2022;18;;;;
07/05/2022;18;;;;
08/05/2022;19;;;;
09/05/2022;19;;;;
10/05/2022;19;;;;
11/05/2022;19;;;;
12/05/2022;19;;;;
13/05/2022;19;;;;
14/05/2022;19;;;;
15/05/2022;20;;;;
16/05/2022;20;;;;
17/05/2022;20;;;;
18/05/2022;20;;;;
19/05/2022;20;;;;
20/05/2022;20;;;;
21/05/2022;20;;;;
22/05/2022;21;;;;
23/05/2022;21;;;;
24/05/2022;21;;;;
25/05/2022;21;;;;
26/05/2022;21;;;;
27/05/2022;21;;;;
28/05/2022;21;;;;
29/05/2022;22;;;;
30/05/2022;22;;;;
31/05/2022;22;;;;
01/06/2022;22;;;;
02/06/2022;22;;;;
03/06/2022;22;;;;
04/06/2022;22;;;;
05/06/2022;23;;;;
06/06/2022;23;;;;
07/06/2022;23;;;;
08/06/2022;23;;;;
09/06/2022;23;;;;
10/06/2022;23;;;;
11/06/2022;23;;;;
12/06/2022;24;;;;
13/06/2022;24;;;;
14/06/2022;24;;;;
15/06/2022;24;;;;
16/06/2022;24;;;;
17/06/2022;24;;;;
18/06/2022;24;;;;
19/06/2022;25;;;;
20/06/2022;25;;;;
21/06/2022;25;;;;
22/06/2022;25;;;;
23/06/2022;25;;;;
24/06/2022;25;;;;
25/06/2022;25;;;;
26/06/2022;26;;;;
27/06/2022;26;;;;
28/06/2022;26;;;;
29/06/2022;26;;;;
30/06/2022;26;;;;
01/07/2022;26;;;;
02/07/2022;26;;;;
03/07/2022;27;;;;
04/07/2022;27;;;;
05/07/2022;27;;;;
06/07/2022;27;;;;
07/07/2022;27;;;;
08/07/2022;27;;;;
09/07/2022;27;;;;
10/07/2022;28;;;;
11/07/2022;28;;;;
12/07/2022;28;;;;
13/07/2022;28;;;;
14/07/2022;28;;;;
15/07/2022;28;;;;
16/07/2022;28;;;;
17/07/2022;29;;;;
18/07/2022;29;;;;
19/07/2022;29;;;;
20/07/2022;29;;;;
21/07/2022;29;;;;
22/07/2022;29;;;;
23/07/2022;29;;;;
24/07/2022;30;;;;
25/07/2022;30;;;;
26/07/2022;30;;;;
27/07/2022;30;;;;
28/07/2022;30;;;;
29/07/2022;30;;;;
30/07/2022;30;;;;
31/07/2022;31;;;;
01/08/2022;31;;;;
02/08/2022;31;;;;
03/08/2022;31;;;;
04/08/2022;31;;;;
05/08/2022;31;;;;
06/08/2022;31;;;;
07/08/2022;32;;;;
08/08/2022;32;;;;
09/08/2022;32;;;;
10/08/2022;32;;;;
11/08/2022;32;;;;
12/08/2022;32;;;;
13/08/2022;32;;;;
14/08/2022;33;;;;
15/08/2022;33;;;;
16/08/2022;33;;;;
17/08/2022;33;;;;
18/08/2022;33;;;;
19/08/2022;33;;;;
20/08/2022;33;;;;
21/08/2022;34;;;;
22/08/2022;34;;;;
23/08/2022;34;;;;
24/08/2022;34;;;;
25/08/2022;34;;;;
26/08/2022;34;;;;
27/08/2022;34;;;;
28/08/2022;35;;;;
29/08/2022;35;;;;
30/08/2022;35;;;;
31/08/2022;35;;;;
01/09/2022;35;;;;
02/09/2022;35;;;;
03/09/2022;35;;;;
04/09/2022;36;;;;
05/09/2022;36;;;;
06/09/2022;36;;;;
07/09/2022;36;;;;
08/09/2022;36;;;;
09/09/2022;36;;;;
10/09/2022;36;;;;
11/09/2022;37;;;;
12/09/2022;37;;;;
13/09/2022;37;;;;
14/09/2022;37;;;;
15/09/2022;37;;;;
16/09/2022;37;;;;
17/09/2022;37;;;;
18/09/2022;38;;;;
19/09/2022;38;;;;
20/09/2022;38;;;;
21/09/2022;38;;;;
22/09/2022;38;;;;
23/09/2022;38;;;;
24/09/2022;38;;;;
25/09/2022;39;;;;
26/09/2022;39;;;;
27/09/2022;39;;;;
28/09/2022;39;;;;
29/09/2022;39;;;;
30/09/2022;39;;;;
01/10/2022;39;;;;
02/10/2022;40;;;;
03/10/2022;40;;;;
04/10/2022;40;;;;
05/10/2022;40;;;;
06/10/2022;40;;;;
07/10/2022;40;;;;
08/10/2022;40;;;;
09/10/2022;41;;;;
10/10/2022;41;;;;
11/10/2022;41;;;;
12/10/2022;41;;;;
13/10/2022;41;;;;
14/10/2022;41;;;;
15/10/2022;41;;;;
16/10/2022;42;;;;
17/10/2022;42;;;;
18/10/2022;42;;;;
19/10/2022;42;;;;
20/10/2022;42;;;;
21/10/2022;42;;;;
22/10/2022;42;;;;
23/10/2022;43;;;;
24/10/2022;43;;;;
25/10/2022;43;;;;
26/10/2022;43;;;;
27/10/2022;43;;;;
28/10/2022;43;;;;
29/10/2022;43;;;;
30/10/2022;44;;;;
31/10/2022;44;;;;
01/11/2022;44;;;;
02/11/2022;44;;;;
03/11/2022;44;;;;
04/11/2022;44;;;;
05/11/2022;44;;;;
06/11/2022;45;;;;
07/11/2022;45;;;;
08/11/2022;45;;;;
09/11/2022;45;;;;
10/11/2022;45;;;;
11/11/2022;45;;;;
12/11/2022;45;;;;
13/11/2022;46;;;;
14/11/2022;46;;;;
15/11/2022;46;;;;
16/11/2022;46;;;;
17/11/2022;46;;;;
18/11/2022;46;;;;
19/11/2022;46;;;;
20/11/2022;47;;;;
21/11/2022;47;;;;
22/11/2022;47;;;;
23/11/2022;47;;;;
24/11/2022;47;;;;
25/11/2022;47;;;;
26/11/2022;47;;;;
27/11/2022;48;;;;
28/11/2022;48;;;;
29/11/2022;48;;;;
30/11/2022;48;;;;
01/12/2022;48;;;;
02/12/2022;48;;;;
03/12/2022;48;;;;
04/12/2022;49;;;;
05/12/2022;49;;;;
06/12/2022;49;;;;
07/12/2022;49;;;;
08/12/2022;49;;;;
09/12/2022;49;;;;
10/12/2022;49;;;;
11/12/2022;50;;;;
12/12/2022;50;;;;
13/12/2022;50;;;;
14/12/2022;50;;;;
15/12/2022;50;;;;
16/12/2022;50;;;;
17/12/2022;50;;;;
18/12/2022;51;;;;
19/12/2022;51;;;;
20/12/2022;51;;;;
21/12/2022;51;;;;
22/12/2022;51;;;;
23/12/2022;51;;;;
24/12/2022;51;;;;
25/12/2022;52;;;;
26/12/2022;52;;;;
27/12/2022;52;;;;
28/12/2022;52;;;;
29/12/2022;52;;;;
30/12/2022;52;;;;
31/12/2022;52;;;;
01/01/2023;1;;;;
02/01/2023;1;;;;
03/01/2023;1;;;;
04/01/2023;1;;;;
05/01/2023;1;;;;
06/01/2023;1;;;;
07/01/2023;1;;;;
08/01/2023;2;;;;
09/01/2023;2;;;;
10/01/2023;2;;;;
11/01/2023;2;;;;
12/01/2023;2;;;;
13/01/2023;2;;;;
14/01/2023;2;;;;
15/01/2023;3;;;;
16/01/2023;3;;;;
17/01/2023;3;;;;
18/01/2023;3;;;;
19/01/2023;3;;;;
20/01/2023;3;;;;
21/01/2023;3;;;;
22/01/2023;4;;;;
23/01/2023;4;;;;
24/01/2023;4;;;;
25/01/2023;4;;;;
26/01/2023;4;;;;
27/01/2023;4;;;;
28/01/2023;4;;;;
29/01/2023;5;;;;
30/01/2023;5;;;;
31/01/2023;5;;;;
01/02/2023;5;;;;
02/02/2023;5;;;;
03/02/2023;5;;;;
04/02/2023;5;;;;
05/02/2023;6;;;;
06/02/2023;6;;;;
07/02/2023;6;;;;
08/02/2023;6;;;;
09/02/2023;6;;;;
10/02/2023;6;;;;
11/02/2023;6;;;;
12/02/2023;7;;;;
13/02/2023;7;;;;
14/02/2023;7;;;;
15/02/2023;7;;;;
16/02/2023;7;;;;
17/02/2023;7;;;;
18/02/2023;7;;;;
19/02/2023;8;;;;
20/02/2023;8;;;;
21/02/2023;8;;;;
22/02/2023;8;;;;
23/02/2023;8;;;;
24/02/2023;8;;;;
25/02/2023;8;;;;
26/02/2023;9;;;;
27/02/2023;9;;;;
28/02/2023;9;;;;
01/03/2023;9;;;;
02/03/2023;9;;;;
03/03/2023;9;;;;
04/03/2023;9;;;;
05/03/2023;10;;;;
06/03/2023;10;;;;
07/03/2023;10;;;;
08/03/2023;10;;;;
09/03/2023;10;;;;
10/03/2023;10;;;;
11/03/2023;10;;;;
12/03/2023;11;;;;
13/03/2023;11;;;;
14/03/2023;11;;;;
15/03/2023;11;;;;
16/03/2023;11;;;;
17/03/2023;11;;;;
18/03/2023;11;;;;
19/03/2023;12;;;;
20/03/2023;12;;;;
21/03/2023;12;;;;
22/03/2023;12;;;;
23/03/2023;12;;;;
24/03/2023;12;;;;
25/03/2023;12;;;;
26/03/2023;13;;;;
27/03/2023;13;;;;
28/03/2023;13;;;;
29/03/2023;13;;;;
30/03/2023;13;;;;
31/03/2023;13;;;;
01/04/2023;13;;;;
02/04/2023;14;;;;
03/04/2023;14;;;;
04/04/2023;14;;;;
05/04/2023;14;;;;
06/04/2023;14;;;;
07/04/2023;14;;;;
08/04/2023;14;;;;
09/04/2023;15;;;;
10/04/2023;15;;;;
11/04/2023;15;;;;
12/04/2023;15;;;;
13/04/2023;15;;;;
14/04/2023;15;;;;
15/04/2023;15;;;;
16/04/2023;16;;;;
17/04/2023;16;;;;
18/04/2023;16;;;;
19/04/2023;16;;;;
20/04/2023;16;;;;
21/04/2023;16;;;;
22/04/2023;16;;;;
23/04/2023;17;;;;
24/04/2023;17;;;;
25/04/2023;17;;;;
26/04/2023;17;;;;
27/04/2023;17;;;;
28/04/2023;17;;;;
29/04/2023;17;;;;
30/04/2023;18;;;;
01/05/2023;18;;;;
02/05/2023;18;;;;
03/05/2023;18;;;;
04/05/2023;18;;;;
05/05/2023;18;;;;
06/05/2023;18;;;;
07/05/2023;19;;;;
08/05/2023;19;;;;
09/05/2023;19;;;;
10/05/2023;19;;;;
11/05/2023;19;;;;
12/05/2023;19;;;;
13/05/2023;19;;;;
14/05/2023;20;;;;
15/05/2023;20;;;;
16/05/2023;20;;;;
17/05/2023;20;;;;
18/05/2023;20;;;;
19/05/2023;20;;;;
20/05/2023;20;;;;
21/05/2023;21;;;;
22/05/2023;21;;;;
23/05/2023;21;;;;
24/05/2023;21;;;;
25/05/2023;21;;;;
26/05/2023;21;;;;
27/05/2023;21;;;;
28/05/2023;22;;;;
29/05/2023;22;;;;
30/05/2023;22;;;;
31/05/2023;22;;;;
01/06/2023;22;;;;
02/06/2023;22;;;;
03/06/2023;22;;;;
04/06/2023;23;;;;
05/06/2023;23;;;;
06/06/2023;23;;;;
07/06/2023;23;;;;
08/06/2023;23;;;;
09/06/2023;23;;;;
10/06/2023;23;;;;
11/06/2023;24;;;;
12/06/2023;24;;;;
13/06/2023;24;;;;
14/06/2023;24;;;;
15/06/2023;24;;;;
16/06/2023;24;;;;
17/06/2023;24;;;;
18/06/2023;25;;;;
19/06/2023;25;;;;
20/06/2023;25;;;;
21/06/2023;25;;;;
22/06/2023;25;;;;
23/06/2023;25;;;;
24/06/2023;25;;;;
25/06/2023;26;;;;
26/06/2023;26;;;;
27/06/2023;26;;;;
28/06/2023;26;;;;
29/06/2023;26;;;;
30/06/2023;26;;;;
01/07/2023;26;;;;
02/07/2023;27;;;;
03/07/2023;27;;;;
04/07/2023;27;;;;
05/07/2023;27;;;;
06/07/2023;27;;;;
07/07/2023;27;;;;
08/07/2023;27;;;;
09/07/2023;28;;;;
10/07/2023;28;;;;
11/07/2023;28;;;;
12/07/2023;28;;;;
13/07/2023;28;;;;
14/07/2023;28;;;;
15/07/2023;28;;;;
16/07/2023;29;;;;
17/07/2023;29;;;;
18/07/2023;29;;;;
19/07/2023;29;;;;
20/07/2023;29;;;;
21/07/2023;29;;;;
22/07/2023;29;;;;
23/07/2023;30;;;;
24/07/2023;30;;;;
25/07/2023;30;;;;
26/07/2023;30;;;;
27/07/2023;30;;;;
28/07/2023;30;;;;
29/07/2023;30;;;;
30/07/2023;31;;;;
31/07/2023;31;;;;
01/08/2023;31;;;;
02/08/2023;31;;;;
03/08/2023;31;;;;
04/08/2023;31;;;;
05/08/2023;31;;;;
06/08/2023;32;;;;
07/08/2023;32;;;;
08/08/2023;32;;;;
09/08/2023;32;;;;
10/08/2023;32;;;;
11/08/2023;32;;;;
12/08/2023;32;;;;
13/08/2023;33;;;;
14/08/2023;33;;;;
15/08/2023;33;;;;
16/08/2023;33;;;;
17/08/2023;33;;;;
18/08/2023;33;;;;
19/08/2023;33;;;;
20/08/2023;34;;;;
21/08/2023;34;;;;
22/08/2023;34;;;;
23/08/2023;34;;;;
24/08/2023;34;;;;
25/08/2023;34;;;;
26/08/2023;34;;;;
27/08/2023;35;;;;
28/08/2023;35;;;;
29/08/2023;35;;;;
30/08/2023;35;;;;
31/08/2023;35;;;;
01/09/2023;35;;;;
02/09/2023;35;;;;
03/09/2023;36;;;;
04/09/2023;36;;;;
05/09/2023;36;;;;
06/09/2023;36;;;;
07/09/2023;36;;;;
08/09/2023;36;;;;
09/09/2023;36;;;;
10/09/2023;37;;;;
11/09/2023;37;;;;
12/09/2023;37;;;;
13/09/2023;37;;;;
14/09/2023;37;;;;
15/09/2023;37;;;;
16/09/2023;37;;;;
17/09/2023;38;;;;
18/09/2023;38;;;;
19/09/2023;38;;;;
20/09/2023;38;;;;
21/09/2023;38;;;;
22/09/2023;38;;;;
23/09/2023;38;;;;
24/09/2023;39;;;;
25/09/2023;39;;;;
26/09/2023;39;;;;
27/09/2023;39;;;;
28/09/2023;39;;;;
29/09/2023;39;;;;
30/09/2023;39;;;;
01/10/2023;40;;;;
02/10/2023;40;;;;
03/10/2023;40;;;;
04/10/2023;40;;;;
05/10/2023;40;;;;
06/10/2023;40;;;;
07/10/2023;40;;;;
08/10/2023;41;;;;
09/10/2023;41;;;;
10/10/2023;41;;;;
11/10/2023;41;;;;
12/10/2023;41;;;;
13/10/2023;41;;;;
14/10/2023;41;;;;
15/10/2023;42;;;;
16/10/2023;42;;;;
17/10/2023;42;;;;
18/10/2023;42;;;;
19/10/2023;42;;;;
20/10/2023;42;;;;
21/10/2023;42;;;;
22/10/2023;43;;;;
23/10/2023;43;;;;
24/10/2023;43;;;;
25/10/2023;43;;;;
26/10/2023;43;;;;
27/10/2023;43;;;;
28/10/2023;43;;;;
29/10/2023;44;;;;
30/10/2023;44;;;;
31/10/2023;44;;;;
01/11/2023;44;;;;
02/11/2023;44;;;;
03/11/2023;44;;;;
04/11/2023;44;;;;
05/11/2023;45;;;;
06/11/2023;45;;;;
07/11/2023;45;;;;
08/11/2023;45;;;;
09/11/2023;45;;;;
10/11/2023;45;;;;
11/11/2023;45;;;;
12/11/2023;46;;;;
13/11/2023;46;;;;
14/11/2023;46;;;;
15/11/2023;46;;;;
16/11/2023;46;;;;
17/11/2023;46;;;;
18/11/2023;46;;;;
19/11/2023;47;;;;
20/11/2023;47;;;;
21/11/2023;47;;;;
22/11/2023;47;;;;
23/11/2023;47;;;;
24/11/2023;47;;;;
25/11/2023;47;;;;
26/11/2023;48;;;;
27/11/2023;48;;;;
28/11/2023;48;;;;
29/11/2023;48;;;;
30/11/2023;48;;;;
01/12/2023;48;;;;
02/12/2023;48;;;;
03/12/2023;49;;;;
04/12/2023;49;;;;
05/12/2023;49;;;;
06/12/2023;49;;;;
07/12/2023;49;;;;
08/12/2023;49;;;;
09/12/2023;49;;;;
10/12/2023;50;;;;
11/12/2023;50;;;;
12/12/2023;50;;;;
13/12/2023;50;;;;
14/12/2023;50;;;;
15/12/2023;50;;;;
16/12/2023;50;;;;
17/12/2023;51;;;;
18/12/2023;51;;;;
19/12/2023;51;;;;
20/12/2023;51;;;;
21/12/2023;51;;;;
22/12/2023;51;;;;
23/12/2023;51;;;;
24/12/2023;52;;;;
25/12/2023;52;;;;
26/12/2023;52;;;;
27/12/2023;52;;;;
28/12/2023;52;;;;
29/12/2023;52;;;;
30/12/2023;52;;;;
31/12/2023;1;;;;
01/01/2024;1;;;;
02/01/2024;1;;;;
03/01/2024;1;;;;
04/01/2024;1;;;;
05/01/2024;1;;;;
06/01/2024;1;;;;
07/01/2024;2;;;;
08/01/2024;2;;;;
09/01/2024;2;;;;
10/01/2024;2;;;;
11/01/2024;2;;;;
12/01/2024;2;;;;
13/01/2024;2;;;;
14/01/2024;3;;;;
15/01/2024;3;;;;
16/01/2024;3;;;;
17/01/2024;3;;;;
18/01/2024;3;;;;
19/01/2024;3;;;;
20/01/2024;3;;;;
21/01/2024;4;;;;
22/01/2024;4;;;;
23/01/2024;4;;;;
24/01/2024;4;;;;
25/01/2024;4;;;;
26/01/2024;4;;;;
27/01/2024;4;;;;
28/01/2024;5;;;;
29/01/2024;5;;;;
30/01/2024;5;;;;
31/01/2024;5;;;;
01/02/2024;5;;;;
02/02/2024;5;;;;
03/02/2024;5;;;;
04/02/2024;6;;;;
05/02/2024;6;;;;
06/02/2024;6;;;;
07/02/2024;6;;;;
08/02/2024;6;;;;
09/02/2024;6;;;;
10/02/2024;6;;;;
11/02/2024;7;;;;
12/02/2024;7;;;;
13/02/2024;7;;;;
14/02/2024;7;;;;
15/02/2024;7;;;;
16/02/2024;7;;;;
17/02/2024;7;;;;
18/02/2024;8;;;;
19/02/2024;8;;;;
20/02/2024;8;;;;
21/02/2024;8;;;;
22/02/2024;8;;;;
23/02/2024;8;;;;
24/02/2024;8;;;;
25/02/2024;9;;;;
26/02/2024;9;;;;
27/02/2024;9;;;;
28/02/2024;9;;;;
29/02/2024;9;;;;
01/03/2024;9;;;;
02/03/2024;9;;;;
03/03/2024;10;;;;
04/03/2024;10;;;;
05/03/2024;10;;;;
06/03/2024;10;;;;
07/03/2024;10;;;;
08/03/2024;10;;;;
09/03/2024;10;;;;
10/03/2024;11;;;;
11/03/2024;11;;;;
12/03/2024;11;;;;
13/03/2024;11;;;;
14/03/2024;11;;;;
15/03/2024;11;;;;
16/03/2024;11;;;;
17/03/2024;12;;;;
18/03/2024;12;;;;
19/03/2024;12;;;;
20/03/2024;12;;;;
21/03/2024;12;;;;
22/03/2024;12;;;;
23/03/2024;12;;;;
24/03/2024;13;;;;
25/03/2024;13;;;;
26/03/2024;13;;;;
27/03/2024;13;;;;
28/03/2024;13;;;;
29/03/2024;13;;;;
30/03/2024;13;;;;
31/03/2024;14;;;;
01/04/2024;14;;;;
02/04/2024;14;;;;
03/04/2024;14;;;;
04/04/2024;14;;;;
05/04/2024;14;;;;
06/04/2024;14;;;;
07/04/2024;15;;;;
08/04/2024;15;;;;
09/04/2024;15;;;;
10/04/2024;15;;;;
11/04/2024;15;;;;
12/04/2024;15;;;;
13/04/2024;15;;;;
14/04/2024;16;;;;
15/04/2024;16;;;;
16/04/2024;16;;;;
17/04/2024;16;;;;
18/04/2024;16;;;;
19/04/2024;16;;;;
20/04/2024;16;;;;
21/04/2024;17;;;;
22/04/2024;17;;;;
23/04/2024;17;;;;
24/04/2024;17;;;;
25/04/2024;17;;;;
26/04/2024;17;;;;
27/04/2024;17;;;;
28/04/2024;18;;;;
29/04/2024;18;;;;
30/04/2024;18;;;;
01/05/2024;18;;;;
02/05/2024;18;;;;
03/05/2024;18;;;;
04/05/2024;18;;;;
05/05/2024;19;;;;
06/05/2024;19;;;;
07/05/2024;19;;;;
08/05/2024;19;;;;
09/05/2024;19;;;;
10/05/2024;19;;;;
11/05/2024;19;;;;
12/05/2024;20;;;;
13/05/2024;20;;;;
14/05/2024;20;;;;
15/05/2024;20;;;;
16/05/2024;20;;;;
17/05/2024;20;;;;
18/05/2024;20;;;;
19/05/2024;21;;;;
20/05/2024;21;;;;
21/05/2024;21;;;;
22/05/2024;21;;;;
23/05/2024;21;;;;
24/05/2024;21;;;;
25/05/2024;21;;;;
26/05/2024;22;;;;
27/05/2024;22;;;;
28/05/2024;22;;;;
29/05/2024;22;;;;
30/05/2024;22;;;;
31/05/2024;22;;;;
01/06/2024;22;;;;
02/06/2024;23;;;;
03/06/2024;23;;;;
04/06/2024;23;;;;
05/06/2024;23;;;;
06/06/2024;23;;;;
07/06/2024;23;;;;
08/06/2024;23;;;;
09/06/2024;24;;;;
10/06/2024;24;;;;
11/06/2024;24;;;;
12/06/2024;24;;;;
13/06/2024;24;;;;
14/06/2024;24;;;;
15/06/2024;24;;;;
16/06/2024;25;;;;
17/06/2024;25;;;;
18/06/2024;25;;;;
19/06/2024;25;;;;
20/06/2024;25;;;;
21/06/2024;25;;;;
22/06/2024;25;;;;
23/06/2024;26;;;;
24/06/2024;26;;;;
25/06/2024;26;;;;
26/06/2024;26;;;;
27/06/2024;26;;;;
28/06/2024;26;;;;
29/06/2024;26;;;;
30/06/2024;27;;;;
01/07/2024;27;;;;
02/07/2024;27;;;;
03/07/2024;27;;;;
04/07/2024;27;;;;
05/07/2024;27;;;;
06/07/2024;27;;;;
07/07/2024;28;;;;
08/07/2024;28;;;;
09/07/2024;28;;;;
10/07/2024;28;;;;
11/07/2024;28;;;;
12/07/2024;28;;;;
13/07/2024;28;;;;
14/07/2024;29;;;;
15/07/2024;29;;;;
16/07/2024;29;;;;
17/07/2024;29;;;;
18/07/2024;29;;;;
19/07/2024;29;;;;
20/07/2024;29;;;;
21/07/2024;30;;;;
22/07/2024;30;;;;
23/07/2024;30;;;;
24/07/2024;30;;;;
25/07/2024;30;;;;
26/07/2024;30;;;;
27/07/2024;30;;;;
28/07/2024;31;;;;
29/07/2024;31;;;;
30/07/2024;31;;;;
31/07/2024;31;;;;
01/08/2024;31;;;;
02/08/2024;31;;;;
03/08/2024;31;;;;
04/08/2024;32;;;;
05/08/2024;32;;;;
06/08/2024;32;;;;
07/08/2024;32;;;;
08/08/2024;32;;;;
09/08/2024;32;;;;
10/08/2024;32;;;;
11/08/2024;33;;;;
12/08/2024;33;;;;
13/08/2024;33;;;;
14/08/2024;33;;;;
15/08/2024;33;;;;
16/08/2024;33;;;;
17/08/2024;33;;;;
18/08/2024;34;;;;
19/08/2024;34;;;;
20/08/2024;34;;;;
21/08/2024;34;;;;
22/08/2024;34;;;;
23/08/2024;34;;;;
24/08/2024;34;;;;
25/08/2024;35;;;;
26/08/2024;35;;;;
27/08/2024;35;;;;
28/08/2024;35;;;;
29/08/2024;35;;;;
30/08/2024;35;;;;
31/08/2024;35;;;;
01/09/2024;36;;;;
02/09/2024;36;;;;
03/09/2024;36;;;;
04/09/2024;36;;;;
05/09/2024;36;;;;
06/09/2024;36;;;;
07/09/2024;36;;;;
08/09/2024;37;;;;
09/09/2024;37;;;;
10/09/2024;37;;;;
11/09/2024;37;;;;
12/09/2024;37;;;;
13/09/2024;37;;;;
14/09/2024;37;;;;
15/09/2024;38;;;;
16/09/2024;38;;;;
17/09/2024;38;;;;
18/09/2024;38;;;;
19/09/2024;38;;;;
20/09/2024;38;;;;
21/09/2024;38;;;;
22/09/2024;39;;;;
23/09/2024;39;;;;
24/09/2024;39;;;;
25/09/2024;39;;;;
26/09/2024;39;;;;
27/09/2024;39;;;;
28/09/2024;39;;;;
29/09/2024;40;;;;
30/09/2024;40;;;;
01/10/2024;40;;;;
02/10/2024;40;;;;
03/10/2024;40;;;;
04/10/2024;40;;;;
05/10/2024;40;;;;
06/10/2024;41;;;;
07/10/2024;41;;;;
08/10/2024;41;;;;
09/10/2024;41;;;;
10/10/2024;41;;;;
11/10/2024;41;;;;
12/10/2024;41;;;;
13/10/2024;42;;;;
14/10/2024;42;;;;
15/10/2024;42;;;;
16/10/2024;42;;;;
17/10/2024;42;;;;
18/10/2024;42;;;;
19/10/2024;42;;;;
20/10/2024;43;;;;
21/10/2024;43;;;;
22/10/2024;43;;;;
23/10/2024;43;;;;
24/10/2024;43;;;;
25/10/2024;43;;;;
26/10/2024;43;;;;
27/10/2024;44;;;;
28/10/2024;44;;;;
29/10/2024;44;;;;
30/10/2024;44;;;;
31/10/2024;44;;;;
01/11/2024;44;;;;
02/11/2024;44;;;;
03/11/2024;45;;;;
04/11/2024;45;;;;
05/11/2024;45;;;;
06/11/2024;45;;;;
07/11/2024;45;;;;
08/11/2024;45;;;;
09/11/2024;45;;;;
10/11/2024;46;;;;
11/11/2024;46;;;;
12/11/2024;46;;;;
13/11/2024;46;;;;
14/11/2024;46;;;;
15/11/2024;46;;;;
16/11/2024;46;;;;
17/11/2024;47;;;;
18/11/2024;47;;;;
19/11/2024;47;;;;
20/11/2024;47;;;;
21/11/2024;47;;;;
22/11/2024;47;;;;
23/11/2024;47;;;;
24/11/2024;48;;;;
25/11/2024;48;;;;
26/11/2024;48;;;;
27/11/2024;48;;;;
28/11/2024;48;;;;
29/11/2024;48;;;;
30/11/2024;48;;;;
01/12/2024;49;;;;
02/12/2024;49;;;;
03/12/2024;49;;;;
04/12/2024;49;;;;
05/12/2024;49;;;;
06/12/2024;49;;;;
07/12/2024;49;;;;
08/12/2024;50;;;;
09/12/2024;50;;;;
10/12/2024;50;;;;
11/12/2024;50;;;;
12/12/2024;50;;;;
13/12/2024;50;;;;
14/12/2024;50;;;;
15/12/2024;51;;;;
16/12/2024;51;;;;
17/12/2024;51;;;;
18/12/2024;51;;;;
19/12/2024;51;;;;
20/12/2024;51;;;;
21/12/2024;51;;;;
22/12/2024;52;;;;
23/12/2024;52;;;;
24/12/2024;52;;;;
25/12/2024;52;;;;
26/12/2024;52;;;;
27/12/2024;52;;;;
28/12/2024;52;;;;
29/12/2024;1;;;;
30/12/2024;1;;;;
31/12/2024;1;;;;
01/01/2025;1;;;;
02/01/2025;1;;;;
03/01/2025;1;;;;
04/01/2025;1;;;;
05/01/2025;2;;;;
06/01/2025;2;;;;
07/01/2025;2;;;;
08/01/2025;2;;;;
09/01/2025;2;;;;
10/01/2025;2;;;;
11/01/2025;2;;;;
12/01/2025;3;;;;
13/01/2025;3;;;;
14/01/2025;3;;;;
15/01/2025;3;;;;
16/01/2025;3;;;;
17/01/2025;3;;;;
18/01/2025;3;;;;
19/01/2025;4;;;;
20/01/2025;4;;;;
21/01/2025;4;;;;
22/01/2025;4;;;;
23/01/2025;4;;;;
24/01/2025;4;;;;
25/01/2025;4;;;;
26/01/2025;5;;;;
27/01/2025;5;;;;
28/01/2025;5;;;;
29/01/2025;5;;;;
30/01/2025;5;;;;
31/01/2025;5;;;;
01/02/2025;5;;;;
02/02/2025;6;;;;
03/02/2025;6;;;;
04/02/2025;6;;;;
05/02/2025;6;;;;
06/02/2025;6;;;;
07/02/2025;6;;;;
08/02/2025;6;;;;
09/02/2025;7;;;;
10/02/2025;7;;;;
11/02/2025;7;;;;
12/02/2025;7;;;;
13/02/2025;7;;;;
14/02/2025;7;;;;
15/02/2025;7;;;;
16/02/2025;8;;;;
17/02/2025;8;;;;
18/02/2025;8;;;;
19/02/2025;8;;;;
20/02/2025;8;;;;
21/02/2025;8;;;;
22/02/2025;8;;;;
23/02/2025;9;;;;
24/02/2025;9;;;;
25/02/2025;9;;;;
26/02/2025;9;;;;
27/02/2025;9;;;;
28/02/2025;9;;;;
01/03/2025;9;;;;
02/03/2025;10;;;;
03/03/2025;10;;;;
04/03/2025;10;;;;
05/03/2025;10;;;;
06/03/2025;10;;;;
07/03/2025;10;;;;
08/03/2025;10;;;;
09/03/2025;11;;;;
10/03/2025;11;;;;
11/03/2025;11;;;;
12/03/2025;11;;;;
13/03/2025;11;;;;
14/03/2025;11;;;;
15/03/2025;11;;;;
16/03/2025;12;;;;
17/03/2025;12;;;;
18/03/2025;12;;;;
19/03/2025;12;;;;
20/03/2025;12;;;;
21/03/2025;12;;;;
22/03/2025;12;;;;
23/03/2025;13;;;;
24/03/2025;13;;;;
25/03/2025;13;;;;
26/03/2025;13;;;;
27/03/2025;13;;;;
28/03/2025;13;;;;
29/03/2025;13;;;;
30/03/2025;14;;;;
31/03/2025;14;;;;
01/04/2025;14;;;;
02/04/2025;14;;;;
03/04/2025;14;;;;
04/04/2025;14;;;;
05/04/2025;14;;;;
06/04/2025;15;;;;
07/04/2025;15;;;;
08/04/2025;15;;;;
09/04/2025;15;;;;
10/04/2025;15;;;;
11/04/2025;15;;;;
12/04/2025;15;;;;
13/04/2025;16;;;;
14/04/2025;16;;;;
15/04/2025;16;;;;
16/04/2025;16;;;;
17/04/2025;16;;;;
18/04/2025;16;;;;
19/04/2025;16;;;;
20/04/2025;17;;;;
21/04/2025;17;;;;
22/04/2025;17;;;;
23/04/2025;17;;;;
24/04/2025;17;;;;
25/04/2025;17;;;;
26/04/2025;17;;;;
27/04/2025;18;;;;
28/04/2025;18;;;;
29/04/2025;18;;;;
30/04/2025;18;;;;
01/05/2025;18;;;;
02/05/2025;18;;;;
03/05/2025;18;;;;
04/05/2025;19;;;;
05/05/2025;19;;;;
06/05/2025;19;;;;
07/05/2025;19;;;;
08/05/2025;19;;;;
09/05/2025;19;;;;
10/05/2025;19;;;;
11/05/2025;20;;;;
12/05/2025;20;;;;
13/05/2025;20;;;;
14/05/2025;20;;;;
15/05/2025;20;;;;
16/05/2025;20;;;;
17/05/2025;20;;;;
18/05/2025;21;;;;
19/05/2025;21;;;;
20/05/2025;21;;;;
21/05/2025;21;;;;
22/05/2025;21;;;;
23/05/2025;21;;;;
24/05/2025;21;;;;
25/05/2025;22;;;;
26/05/2025;22;;;;
27/05/2025;22;;;;
28/05/2025;22;;;;
29/05/2025;22;;;;
30/05/2025;22;;;;
31/05/2025;22;;;;
01/06/2025;23;;;;
02/06/2025;23;;;;
03/06/2025;23;;;;
04/06/2025;23;;;;
05/06/2025;23;;;;
06/06/2025;23;;;;
07/06/2025;23;;;;
08/06/2025;24;;;;
09/06/2025;24;;;;
10/06/2025;24;;;;
11/06/2025;24;;;;
12/06/2025;24;;;;
13/06/2025;24;;;;
14/06/2025;24;;;;
15/06/2025;25;;;;
16/06/2025;25;;;;
17/06/2025;25;;;;
18/06/2025;25;;;;
19/06/2025;25;;;;
20/06/2025;25;;;;
21/06/2025;25;;;;
22/06/2025;26;;;;
23/06/2025;26;;;;
24/06/2025;26;;;;
25/06/2025;26;;;;
26/06/2025;26;;;;
27/06/2025;26;;;;
28/06/2025;26;;;;
29/06/2025;27;;;;
30/06/2025;27;;;;
01/07/2025;27;;;;
02/07/2025;27;;;;
03/07/2025;27;;;;
04/07/2025;27;;;;
05/07/2025;27;;;;
06/07/2025;28;;;;
07/07/2025;28;;;;
08/07/2025;28;;;;
09/07/2025;28;;;;
10/07/2025;28;;;;
11/07/2025;28;;;;
12/07/2025;28;;;;
13/07/2025;29;;;;
14/07/2025;29;;;;
15/07/2025;29;;;;
16/07/2025;29;;;;
17/07/2025;29;;;;
18/07/2025;29;;;;
19/07/2025;29;;;;
20/07/2025;30;;;;
21/07/2025;30;;;;
22/07/2025;30;;;;
23/07/2025;30;;;;
24/07/2025;30;;;;
25/07/2025;30;;;;
26/07/2025;30;;;;
27/07/2025;31;;;;
28/07/2025;31;;;;
29/07/2025;31;;;;
30/07/2025;31;;;;
31/07/2025;31;;;;
01/08/2025;31;;;;
02/08/2025;31;;;;
03/08/2025;32;;;;
04/08/2025;32;;;;
05/08/2025;32;;;;
06/08/2025;32;;;;
07/08/2025;32;;;;
08/08/2025;32;;;;
09/08/2025;32;;;;
10/08/2025;33;;;;
11/08/2025;33;;;;
12/08/2025;33;;;;
13/08/2025;33;;;;
14/08/2025;33;;;;
15/08/2025;33;;;;
16/08/2025;33;;;;
17/08/2025;34;;;;
18/08/2025;34;;;;
19/08/2025;34;;;;
20/08/2025;34;;;;
21/08/2025;34;;;;
22/08/2025;34;;;;
23/08/2025;34;;;;
24/08/2025;35;;;;
25/08/2025;35;;;;
26/08/2025;35;;;;
27/08/2025;35;;;;
28/08/2025;35;;;;
29/08/2025;35;;;;
30/08/2025;35;;;;
31/08/2025;36;;;;
01/09/2025;36;;;;
02/09/2025;36;;;;
03/09/2025;36;;;;
04/09/2025;36;;;;
05/09/2025;36;;;;
06/09/2025;36;;;;
07/09/2025;37;;;;
08/09/2025;37;;;;
09/09/2025;37;;;;
10/09/2025;37;;;;
11/09/2025;37;;;;
12/09/2025;37;;;;
13/09/2025;37;;;;
14/09/2025;38;;;;
15/09/2025;38;;;;
16/09/2025;38;;;;
17/09/2025;38;;;;
18/09/2025;38;;;;
19/09/2025;38;;;;
20/09/2025;38;;;;
21/09/2025;39;;;;
22/09/2025;39;;;;
23/09/2025;39;;;;
24/09/2025;39;;;;
25/09/2025;39;;;;
26/09/2025;39;;;;
27/09/2025;39;;;;
28/09/2025;40;;;;
29/09/2025;40;;;;
30/09/2025;40;;;;
01/10/2025;40;;;;
02/10/2025;40;;;;
03/10/2025;40;;;;
04/10/2025;40;;;;
05/10/2025;41;;;;
06/10/2025;41;;;;
07/10/2025;41;;;;
08/10/2025;41;;;;
09/10/2025;41;;;;
10/10/2025;41;;;;
11/10/2025;41;;;;
12/10/2025;42;;;;
13/10/2025;42;;;;
14/10/2025;42;;;;
15/10/2025;42;;;;
16/10/2025;42;;;;
17/10/2025;42;;;;
18/10/2025;42;;;;
19/10/2025;43;;;;
20/10/2025;43;;;;
21/10/2025;43;;;;
22/10/2025;43;;;;
23/10/2025;43;;;;
24/10/2025;43;;;;
25/10/2025;43;;;;
26/10/2025;44;;;;
27/10/2025;44;;;;
28/10/2025;44;;;;
29/10/2025;44;;;;
30/10/2025;44;;;;
31/10/2025;44;;;;
01/11/2025;44;;;;
02/11/2025;45;;;;
03/11/2025;45;;;;
04/11/2025;45;;;;
05/11/2025;45;;;;
06/11/2025;45;;;;
07/11/2025;45;;;;
08/11/2025;45;;;;
09/11/2025;46;;;;
10/11/2025;46;;;;
11/11/2025;46;;;;
12/11/2025;46;;;;
13/11/2025;46;;;;
14/11/2025;46;;;;
15/11/2025;46;;;;
16/11/2025;47;;;;
17/11/2025;47;;;;
18/11/2025;47;;;;
19/11/2025;47;;;;
20/11/2025;47;;;;
21/11/2025;47;;;;
22/11/2025;47;;;;
23/11/2025;48;;;;
24/11/2025;48;;;;
25/11/2025;48;;;;
26/11/2025;48;;;;
27/11/2025;48;;;;
28/11/2025;48;;;;
29/11/2025;48;;;;
30/11/2025;49;;;;
01/12/2025;49;;;;
02/12/2025;49;;;;
03/12/2025;49;;;;
04/12/2025;49;;;;
05/12/2025;49;;;;
06/12/2025;49;;;;
07/12/2025;50;;;;
08/12/2025;50;;;;
09/12/2025;50;;;;
10/12/2025;50;;;;
11/12/2025;50;;;;
12/12/2025;50;;;;
13/12/2025;50;;;;
14/12/2025;51;;;;
15/12/2025;51;;;;
16/12/2025;51;;;;
17/12/2025;51;;;;
18/12/2025;51;;;;
19/12/2025;51;;;;
20/12/2025;51;;;;
21/12/2025;52;;;;
22/12/2025;52;;;;
23/12/2025;52;;;;
24/12/2025;52;;;;
25/12/2025;52;;;;
26/12/2025;52;;;;
27/12/2025;52;;;;
28/12/2025;53;;;;
29/12/2025;53;;;;
30/12/2025;53;;;;
31/12/2025;53;;;;
01/01/2026;53;;;;
02/01/2026;53;;;;
03/01/2026;53;;;;
