"data_iniSE,SE,casos_est,casos_est_min,casos_est_max,casos,p_rt1,p_inc100k,Localidade_id,nivel,id,versao_modelo,tweet,Rt,pop,tempmin,umidmax,receptivo,transmissao,nivel_inc,umidmed,umidmin,tempmed,tempmax,casprov,casprov_est,casprov_est_min,casprov_est_max,casconf,notif_accum_year"
"2024-02-04,202406,44.0,15,152,7,0.98233163,422.50815,0,1,520060520240619768,2024-02-15,0.0,1.6588155,10414.0,22.3,82.4472402,0,1,2,81.7351194,81.0229992,22.3,22.3,,,,,,102"
"2024-01-28,202405,27.0,24,36,24,0.8411546,259.26636,0,4,520060520240519768,2024-02-15,0.0,1.336146,10414.0,22.4285714285714,80.6155614285714,0,0,2,79.3534528571429,78.0913435714286,22.6428571428571,22.8571428571429,,,,,,102"
"2024-01-21,202404,29.0,29,32,29,0.99312574,278.47128,0,4,520060520240419768,2024-02-15,0.0,2.1762044,10414.0,22.8571428571429,83.437763,0,1,2,82.0772011428571,80.7166408571429,22.9285714285714,23.0,,,,,,102"
"2024-01-14,202403,23.0,23,23,23,0.99377143,220.85654,0,1,520060520240319768,2024-02-15,0.0,2.4908729,10414.0,22.625,75.302707875,0,1,2,72.773421875,70.24414175,23.1875,23.75,,,,,,102"
"2024-01-07,202402,8.0,8,8,8,0.66229516,76.819664,0,1,520060520240219768,2024-02-15,0.0,1.2393209,10414.0,21.7142857142857,87.0944164285714,1,0,1,85.6288407142857,84.1632664285714,21.8571428571429,22.0,,,,,,102"
"2023-12-31,202401,11.0,11,11,11,0.9788965,105.62704,0,1,520060520240119768,2024-02-15,0.0,3.0202928,10414.0,21.375,91.4545975,1,1,1,90.47780375,89.50101125,21.4375,21.5,,,,,,102"
"2024-02-04,202406,549.5,55,5368,4,1.0,932.304,0,3,520620620240619768,2024-02-15,0.0,2.0515022,58940.0,22.3,82.4472402,0,1,2,81.7351194,81.0229992,22.3,22.3,,,,,,671"
"2024-01-28,202405,343.0,173,1670,159,1.0,581.94775,0,4,520620620240519768,2024-02-15,0.0,1.992014,58940.0,22.4285714285714,80.6155614285714,0,1,2,79.3534528571429,78.0913435714286,22.6428571428571,22.8571428571429,,,,,,671"
"2024-01-21,202404,279.5,244,543,241,1.0,474.21106,0,4,520620620240419768,2024-02-15,0.0,2.9166772,58940.0,22.8571428571429,83.437763,0,1,2,82.0772011428571,80.7166408571429,22.9285714285714,23.0,,,,,,671"
"2024-01-14,202403,162.0,153,225,153,1.0,274.85577,0,4,520620620240319768,2024-02-15,0.0,3.518381,58940.0,22.625,75.302707875,0,1,2,72.773421875,70.24414175,23.1875,23.75,,,,,,671"
"2024-01-07,202402,80.0,78,90,78,1.0,135.73125,0,3,520620620240219768,2024-02-15,0.0,4.134293,58940.0,21.7142857142857,87.0944164285714,0,1,2,85.6288407142857,84.1632664285714,21.8571428571429,22.0,,,,,,671"
"2023-12-31,202401,37.0,36,42,36,0.99999857,62.775703,0,1,520620620240119768,2024-02-15,0.0,4.9492245,58940.0,21.375,91.4545975,1,1,1,90.47780375,89.50101125,21.4375,21.5,,,,,,671"
"2024-02-04,202406,621.0,143,2460,48,1.0,316.16568,0,4,521250120240619768,2024-02-15,0.0,1.4133537,196416.0,22.3,82.4472402,0,1,2,81.7351194,81.0229992,22.3,22.3,,,,,,1534"
"2024-01-28,202405,522.0,374,1176,344,1.0,265.76245,0,4,521250120240519768,2024-02-15,0.0,1.5559528,196416.0,22.4285714285714,80.6155614285714,0,1,2,79.3534528571429,78.0913435714286,22.6428571428571,22.8571428571429,,,,,,1534"
"2024-01-21,202404,471.0,449,544,443,1.0,239.79716,0,4,521250120240419768,2024-02-15,0.0,2.0102441,196416.0,22.8571428571429,83.437763,0,1,2,82.0772011428571,80.7166408571429,22.9285714285714,23.0,,,,,,1534"
"2024-01-14,202403,325.0,320,339,319,1.0,165.46513,0,4,521250120240319768,2024-02-15,0.0,2.268983,196416.0,22.625,75.302707875,0,1,2,72.773421875,70.24414175,23.1875,23.75,,,,,,1534"
"2024-01-07,202402,228.0,226,234,226,1.0,116.080154,0,4,521250120240219768,2024-02-15,0.0,3.3341827,196416.0,21.7142857142857,87.0944164285714,0,1,2,85.6288407142857,84.1632664285714,21.8571428571429,22.0,,,,,,1534"
"2023-12-31,202401,155.0,154,158,154,1.0,78.91414,0,1,521250120240119768,2024-02-15,0.0,4.940987,196416.0,21.375,91.4545975,1,1,2,90.47780375,89.50101125,21.4375,21.5,,,,,,1534"
"2024-02-04,202406,2043.5,418,,217,1.0,2085.7148,0,4,521523120240619768,2024-02-15,0.0,3.079932,97976.0,22.3,82.4472402,0,1,2,81.7351194,81.0229992,22.3,22.3,,,,,,2032"
"2024-01-28,202405,1050.0,699,3565.0,651,1.0,1071.691,0,4,521523120240519768,2024-02-15,0.0,3.1237094,97976.0,22.4285714285714,80.6155614285714,0,1,2,79.3534528571429,78.0913435714286,22.6428571428571,22.8571428571429,,,,,,2032"
"2024-01-21,202404,612.5,562,855.0,553,1.0,625.1531,0,4,521523120240419768,2024-02-15,0.0,2.8130264,97976.0,22.8571428571429,83.437763,0,1,2,82.0772011428571,80.7166408571429,22.9285714285714,23.0,,,,,,2032"
"2024-01-14,202403,180.0,167,234.0,164,0.6417394,183.71846,0,4,521523120240319768,2024-02-15,0.0,1.0393556,97976.0,22.625,75.302707875,0,0,2,72.773421875,70.24414175,23.1875,23.75,,,,,,2032"
"2024-01-07,202402,185.0,180,198.0,180,0.9999999,188.82175,0,4,521523120240219768,2024-02-15,0.0,1.8720924,97976.0,21.7142857142857,87.0944164285714,0,1,2,85.6288407142857,84.1632664285714,21.8571428571429,22.0,,,,,,2032"
"2023-12-31,202401,268.0,267,274.0,267,1.0,273.53638,0,4,521523120240119768,2024-02-15,0.0,6.3339634,97976.0,21.375,91.4545975,1,1,2,90.47780375,89.50101125,21.4375,21.5,,,,,,2032"
"2024-02-04,202406,1289.0,158,,105,1.0,1877.5308,0,4,521975320240619768,2024-02-15,0.0,3.649373,68654.0,22.3,82.4472402,0,1,2,81.7351194,81.0229992,22.3,22.3,,,,,,494"
"2024-01-28,202405,709.5,212,,188,1.0,1033.4431,0,4,521975320240519768,2024-02-15,0.0,4.9374075,68654.0,22.4285714285714,80.6155614285714,0,1,2,79.3534528571429,78.0913435714286,22.6428571428571,22.8571428571429,,,,,,494"
"2024-01-21,202404,226.0,43,,35,1.0,329.18695,0,4,521975320240419768,2024-02-15,0.0,2.6708333,68654.0,22.8571428571429,83.437763,0,1,2,82.0772011428571,80.7166408571429,22.9285714285714,23.0,,,,,,494"
"2024-01-14,202403,74.0,23,,22,0.24422005,107.78687,0,4,521975320240319768,2024-02-15,0.0,0.8953897,68654.0,22.625,75.302707875,0,0,2,72.773421875,70.24414175,23.1875,23.75,,,,,,494"
"2024-01-07,202402,63.0,45,,45,0.0802256,91.7645,0,4,521975320240219768,2024-02-15,0.0,0.7904837,68654.0,21.7142857142857,87.0944164285714,0,0,2,85.6288407142857,84.1632664285714,21.8571428571429,22.0,,,,,,494"
"2023-12-31,202401,104.0,99,,99,0.99721146,151.48425,0,4,521975320240119768,2024-02-15,0.0,1.5319691,68654.0,21.375,91.4545975,1,1,2,90.47780375,89.50101125,21.4375,21.5,,,,,,494"
"2024-02-04,202406,870.0,151,3692,16,1.0,441.69836,0,4,522185820240619768,2024-02-15,0.0,2.7616751,196967.0,22.3,82.4472402,0,1,2,81.7351194,81.0229992,22.3,22.3,,,,,,978"
"2024-01-28,202405,393.0,163,1477,104,1.0,199.5258,0,4,522185820240519768,2024-02-15,0.0,1.6137738,196967.0,22.4285714285714,80.6155614285714,0,1,2,79.3534528571429,78.0913435714286,22.6428571428571,22.8571428571429,,,,,,978"
"2024-01-21,202404,268.0,216,494,202,0.9836543,136.0634,0,4,522185820240419768,2024-02-15,0.0,1.2134755,196967.0,22.8571428571429,83.437763,0,1,2,82.0772011428571,80.7166408571429,22.9285714285714,23.0,,,,,,978"
"2024-01-14,202403,213.0,201,252,199,0.9802868,108.139946,0,4,522185820240319768,2024-02-15,0.0,1.2338294,196967.0,22.625,75.302707875,0,1,2,72.773421875,70.24414175,23.1875,23.75,,,,,,978"
"2024-01-07,202402,251.0,246,264,246,1.0,127.43251,0,4,522185820240219768,2024-02-15,0.0,2.5866497,196967.0,21.7142857142857,87.0944164285714,0,1,2,85.6288407142857,84.1632664285714,21.8571428571429,22.0,,,,,,978"
"2023-12-31,202401,213.0,211,221,211,1.0,108.139946,0,1,522185820240119768,2024-02-15,0.0,4.5031586,196967.0,21.375,91.4545975,1,1,2,90.47780375,89.50101125,21.4375,21.5,,,,,,978"
"2024-02-04,202406,44.0,18,136,12,0.9977839,400.32755,0,4,520530720240619768,2024-02-15,0.0,2.057987,10991.0,22.3,82.4472402,0,1,2,81.7351194,81.0229992,22.3,22.3,,,,,,90"
"2024-01-28,202405,30.0,27,40,27,0.9772644,272.9506,0,4,520530720240519768,2024-02-15,0.0,1.8103586,10991.0,22.4285714285714,80.6155614285714,0,1,2,79.3534528571429,78.0913435714286,22.6428571428571,22.8571428571429,,,,,,90"
"2024-01-21,202404,16.0,16,20,16,0.803614,145.57365,0,4,520530720240419768,2024-02-15,0.0,1.3806368,10991.0,22.8571428571429,83.437763,0,0,2,82.0772011428571,80.7166408571429,22.9285714285714,23.0,,,,,,90"
"2024-01-14,202403,19.0,19,19,19,0.9978723,172.86871,0,4,520530720240319768,2024-02-15,0.0,3.4499886,10991.0,22.625,75.302707875,0,1,2,72.773421875,70.24414175,23.1875,23.75,,,,,,90"
"2024-01-07,202402,14.0,14,14,14,0.9996026,127.376945,0,1,520530720240219768,2024-02-15,0.0,7.443926,10991.0,21.7142857142857,87.0944164285714,1,1,2,85.6288407142857,84.1632664285714,21.8571428571429,22.0,,,,,,90"
"2023-12-31,202401,2.0,2,2,2,0.8178776,18.196707,0,1,520530720240119768,2024-02-15,0.0,2.6706016,10991.0,21.375,91.4545975,1,0,0,90.47780375,89.50101125,21.4375,21.5,,,,,,90"
"2024-02-04,202406,0.0,0,0,0,0.0,0.0,0,1,520080320240619768,2024-02-15,0.0,0.0,8412.0,22.3,82.4472402,0,0,0,81.7351194,81.0229992,22.3,22.3,,,,,,18"
"2024-01-28,202405,4.0,4,4,4,0.38037267,47.551117,0,1,520080320240519768,2024-02-15,0.0,0.8224093,8412.0,22.4285714285714,80.6155614285714,0,0,0,79.3534528571429,78.0913435714286,22.6428571428571,22.8571428571429,,,,,,18"
"2024-01-21,202404,6.0,6,6,6,0.9153715,71.326675,0,1,520080320240419768,2024-02-15,0.0,2.593246,8412.0,22.8571428571429,83.437763,0,0,1,82.0772011428571,80.7166408571429,22.9285714285714,23.0,,,,,,18"
"2024-01-14,202403,8.0,8,8,8,0.998231,95.102234,0,1,520080320240319768,2024-02-15,0.0,11.871224,8412.0,22.625,75.302707875,0,1,1,72.773421875,70.24414175,23.1875,23.75,,,,,,18"
"2024-01-07,202402,0.0,0,0,0,0.0,0.0,0,1,520080320240219768,2024-02-15,0.0,0.0,8412.0,21.7142857142857,87.0944164285714,0,0,0,85.6288407142857,84.1632664285714,21.8571428571429,22.0,,,,,,18"
"2023-12-31,202401,0.0,0,0,0,0.0,0.0,0,1,520080320240119768,2024-02-15,0.0,0.0,8412.0,21.375,91.4545975,0,0,0,90.47780375,89.50101125,21.4375,21.5,,,,,,18"
"2024-02-04,202406,5.0,5,5,5,0.740855,87.48907,0,1,522068620240619768,2024-02-15,0.0,1.5405586,5715.0,22.3,82.4472402,0,0,1,81.7351194,81.0229992,22.3,22.3,,,,,,16"
"2024-01-28,202405,8.0,8,8,8,0.9928513,139.9825,0,1,522068620240519768,2024-02-15,0.0,6.0845227,5715.0,22.4285714285714,80.6155614285714,0,1,1,79.3534528571429,78.0913435714286,22.6428571428571,22.8571428571429,,,,,,16"
"2024-01-21,202404,2.0,2,2,2,0.921898,34.995625,0,1,522068620240419768,2024-02-15,0.0,5.715059,5715.0,22.8571428571429,83.437763,0,0,0,82.0772011428571,80.7166408571429,22.9285714285714,23.0,,,,,,16"
"2024-01-14,202403,1.0,1,1,1,0.9632679,17.497812,0,1,522068620240319768,2024-02-15,0.0,18.521618,5715.0,22.625,75.302707875,0,0,0,72.773421875,70.24414175,23.1875,23.75,,,,,,16"
"2024-01-07,202402,0.0,0,0,0,0.0,0.0,0,1,522068620240219768,2024-02-15,0.0,0.0,5715.0,21.7142857142857,87.0944164285714,0,0,0,85.6288407142857,84.1632664285714,21.8571428571429,22.0,,,,,,16"
"2023-12-31,202401,0.0,0,0,0,0.0,0.0,0,1,522068620240119768,2024-02-15,0.0,0.0,5715.0,21.375,91.4545975,0,0,0,90.47780375,89.50101125,21.4375,21.5,,,,,,16"
"2024-02-04,202406,2.0,2,2,2,0.0155597385,12.904891,0,2,520010020240619768,2024-02-15,0.0,0.23860486,15498.0,20.625,95.5985775,1,0,0,93.781654375,91.9647325,20.875,21.125,,,,,,42"
"2024-01-28,202405,8.0,8,8,8,0.37652493,51.619564,0,2,520010020240519768,2024-02-15,0.0,0.8624665,15498.0,19.7142857142857,92.7592157142857,1,0,1,91.5162592857143,90.2733034285714,20.0,20.2857142857143,,,,,,42"
"2024-01-21,202404,7.0,7,7,7,0.44351223,45.167118,0,2,520010020240419768,2024-02-15,0.0,0.93010825,15498.0,20.7142857142857,98.2973257142857,1,0,1,97.8926757142857,97.4880271428571,20.7857142857143,20.8571428571429,,,,,,42"
"2024-01-14,202403,13.0,13,13,13,0.9849307,83.88179,0,3,520010020240319768,2024-02-15,0.0,2.9610133,15498.0,20.4285714285714,95.0171028571429,1,1,1,93.0978264285714,91.17855,20.6428571428571,20.8571428571429,,,,,,42"
"2024-01-07,202402,7.0,7,7,7,0.97914296,45.167118,0,1,520010020240219768,2024-02-15,0.0,4.4086423,15498.0,20.5714285714286,94.9690514285714,1,1,1,94.5703121428571,94.1715742857143,20.6428571428571,20.7142857142857,,,,,,42"
"2023-12-31,202401,5.0,5,5,5,0.99577093,32.262226,0,1,520010020240119768,2024-02-15,0.0,18.521618,15498.0,20.2857142857143,99.1455371428571,1,1,1,99.1455371428571,99.1455371428571,20.5,20.7142857142857,,,,,,42"
"2024-02-04,202406,441.0,216,940,94,1.0,1537.121,0,4,520030820240619768,2024-02-15,0.0,2.2384124,28690.0,22.3,82.4472402,0,1,2,81.7351194,81.0229992,22.3,22.3,,,,,,688"
"2024-01-28,202405,359.0,310,481,282,1.0,1251.3071,0,4,520030820240519768,2024-02-15,0.0,3.2503428,28690.0,22.4285714285714,80.6155614285714,0,1,2,79.3534528571429,78.0913435714286,22.6428571428571,22.8571428571429,,,,,,688"
"2024-01-21,202404,148.0,137,172,134,1.0,515.8592,0,4,520030820240419768,2024-02-15,0.0,2.3915076,28690.0,22.8571428571429,83.437763,0,1,2,82.0772011428571,80.7166408571429,22.9285714285714,23.0,,,,,,688"
"2024-01-14,202403,99.0,96,108,96,1.0,345.06796,0,4,520030820240319768,2024-02-15,0.0,3.097836,28690.0,22.625,75.302707875,0,1,2,72.773421875,70.24414175,23.1875,23.75,,,,,,688"
"2024-01-07,202402,60.0,60,64,60,0.99999994,209.1321,0,4,520030820240219768,2024-02-15,0.0,3.8713984,28690.0,21.7142857142857,87.0944164285714,1,1,2,85.6288407142857,84.1632664285714,21.8571428571429,22.0,,,,,,688"
"2023-12-31,202401,22.0,22,22,22,0.9914123,76.68177,0,1,520030820240119768,2024-02-15,0.0,2.4178374,28690.0,21.375,91.4545975,1,1,2,90.47780375,89.50101125,21.4375,21.5,,,,,,688"
"2024-02-04,202406,3.0,3,3,3,0.48005643,40.8608,0,1,520400320240619768,2024-02-15,0.0,0.9629429,7342.0,22.3,82.4472402,0,0,0,81.7351194,81.0229992,22.3,22.3,,,,,,16"
"2024-01-28,202405,3.0,3,3,3,0.5295151,40.8608,0,1,520400320240519768,2024-02-15,0.0,1.0587213,7342.0,22.4285714285714,80.6155614285714,0,0,0,79.3534528571429,78.0913435714286,22.6428571428571,22.8571428571429,,,,,,16"
"2024-01-21,202404,3.0,3,3,3,0.68501234,40.8608,0,1,520400320240419768,2024-02-15,0.0,1.4905058,7342.0,22.8571428571429,83.437763,0,0,0,82.0772011428571,80.7166408571429,22.9285714285714,23.0,,,,,,16"
"2024-01-14,202403,4.0,4,4,4,0.9104489,54.481068,0,1,520400320240319768,2024-02-15,0.0,3.185172,7342.0,22.625,75.302707875,0,0,0,72.773421875,70.24414175,23.1875,23.75,,,,,,16"
"2024-01-07,202402,1.0,1,1,1,0.6887573,13.620267,0,1,520400320240219768,2024-02-15,0.0,1.8589696,7342.0,21.7142857142857,87.0944164285714,1,0,0,85.6288407142857,84.1632664285714,21.8571428571429,22.0,,,,,,16"
"2023-12-31,202401,2.0,2,2,2,0.9779825,27.240534,0,1,520400320240119768,2024-02-15,0.0,18.521618,7342.0,21.375,91.4545975,1,0,0,90.47780375,89.50101125,21.4375,21.5,,,,,,16"
"2024-02-04,202406,259.5,82,911,20,0.9999999,1080.4397,0,4,520551320240619768,2024-02-15,0.0,1.6808623,24018.0,22.3,82.4472402,0,1,2,81.7351194,81.0229992,22.3,22.3,,,,,,552"
"2024-01-28,202405,179.0,120,390,96,0.99826837,745.27435,0,4,520551320240519768,2024-02-15,0.0,1.3987575,24018.0,22.4285714285714,80.6155614285714,0,1,2,79.3534528571429,78.0913435714286,22.6428571428571,22.8571428571429,,,,,,552"
"2024-01-21,202404,151.0,137,182,131,0.9978474,628.6951,0,4,520551320240419768,2024-02-15,0.0,1.4316131,24018.0,22.8571428571429,83.437763,0,1,2,82.0772011428571,80.7166408571429,22.9285714285714,23.0,,,,,,552"
"2024-01-14,202403,126.0,118,142,116,0.9997843,524.60657,0,4,520551320240319768,2024-02-15,0.0,1.6514786,24018.0,22.625,75.302707875,0,1,2,72.773421875,70.24414175,23.1875,23.75,,,,,,552"
"2024-01-07,202402,110.0,105,121,104,1.0,457.98984,0,4,520551320240219768,2024-02-15,0.0,2.6050074,24018.0,21.7142857142857,87.0944164285714,1,1,2,85.6288407142857,84.1632664285714,21.8571428571429,22.0,,,,,,552"
"2023-12-31,202401,88.0,85,95,85,1.0,366.39188,0,4,520551320240119768,2024-02-15,0.0,4.014127,24018.0,21.375,91.4545975,1,1,2,90.47780375,89.50101125,21.4375,21.5,,,,,,552"
"2024-02-04,202406,47.0,20,192,18,0.8828066,49.53939,0,1,500320720240619768,2024-02-15,0.0,1.2975628,94874.0,26.0625,85.77616525,1,0,1,71.4386838125,58.869999125,29.738636625,32.9375,,,,,,149"
"2024-01-28,202405,48.0,43,65,43,0.995138,50.59342,0,3,500320720240519768,2024-02-15,0.0,1.8428129,94874.0,26.4285714285714,76.987764,0,1,1,58.722806,42.5377844285714,31.6233765714286,35.4285714285714,,,,,,149"
"2024-01-21,202404,38.0,37,44,37,0.9974237,40.053123,0,1,500320720240419768,2024-02-15,0.0,2.1643763,94874.0,25.6666666666667,81.68708,0,1,1,63.0315341333333,49.1787912,29.9575753333333,32.9333333333333,,,,,,149"
"2024-01-14,202403,25.0,25,28,25,0.9712383,26.350739,0,1,500320720240319768,2024-02-15,0.0,1.859397,94874.0,28.2,78.867214,0,1,1,62.1189076,51.1013517333333,32.4540794666667,35.2,,,,,,149"
"2024-01-07,202402,15.0,15,16,15,0.6846469,15.810443,0,1,500320720240219768,2024-02-15,0.0,1.1982726,94874.0,27.7692307692308,82.1934430769231,0,0,1,65.1718321538462,53.4030627692308,32.4335661538462,35.0769230769231,,,,,,149"
"2023-12-31,202401,11.0,11,12,11,0.4291575,11.594325,0,1,500320720240119768,2024-02-15,0.0,0.9292478,94874.0,26.4117647058824,90.7361960588235,1,0,1,74.8390317647059,61.8298402352941,30.0695192941176,32.9411764705882,,,,,,149"
"2024-02-04,202406,78.0,36,215,27,0.99501264,293.25513,0,4,521730220240619768,2024-02-15,0.0,1.5864645,26598.0,20.625,95.5985775,1,1,2,93.781654375,91.9647325,20.875,21.125,,,,,,206"
"2024-01-28,202405,82.0,77,95,77,0.99999976,308.29385,0,4,521730220240519768,2024-02-15,0.0,2.7537408,26598.0,19.7142857142857,92.7592157142857,1,1,2,91.5162592857143,90.2733034285714,20.0,20.2857142857143,,,,,,206"
"2024-01-21,202404,47.0,47,51,47,0.9997742,176.70502,0,2,521730220240419768,2024-02-15,0.0,2.4591389,26598.0,20.7142857142857,98.2973257142857,1,1,2,97.8926757142857,97.4880271428571,20.7857142857143,20.8571428571429,,,,,,206"
"2024-01-14,202403,22.0,22,22,22,0.92453265,82.71298,0,2,521730220240319768,2024-02-15,0.0,1.620524,26598.0,20.4285714285714,95.0171028571429,1,0,1,93.0978264285714,91.17855,20.6428571428571,20.8571428571429,,,,,,206"
"2024-01-07,202402,18.0,18,18,18,0.9736062,67.67426,0,3,521730220240219768,2024-02-15,0.0,2.1583426,26598.0,20.5714285714286,94.9690514285714,1,1,1,94.5703121428571,94.1715742857143,20.6428571428571,20.7142857142857,,,,,,206"
"2023-12-31,202401,15.0,15,15,15,0.9966298,56.395218,0,1,521730220240119768,2024-02-15,0.0,3.8526056,26598.0,20.2857142857143,99.1455371428571,1,1,1,99.1455371428571,99.1455371428571,20.5,20.7142857142857,,,,,,206"
"2024-02-04,202406,0.0,0,0,0,0.0,0.0,0,1,290323520240619768,2024-02-15,0.0,0.0,13761.0,26.4634146341463,73.1573322926829,0,0,0,69.6742114634146,65.5256047073171,27.0731706341463,27.780487804878,,,,,,3"
"2024-01-28,202405,1.0,1,1,1,0.6177498,7.266914,0,1,290323520240519768,2024-02-15,0.0,1.4390447,13761.0,25.4390243902439,77.7936609268293,0,0,0,76.5890798536585,74.9330725365854,25.8780487804878,26.3170731707317,,,,,,3"
"2024-01-21,202404,1.0,1,1,1,0.81445366,7.266914,0,1,290323520240419768,2024-02-15,0.0,3.3772886,13761.0,25.8048780487805,84.4534763414634,1,0,0,82.1687032926829,79.6150801707317,26.0853658536585,26.3658536585366,,,,,,3"
"2024-01-14,202403,1.0,1,1,1,0.9603134,7.266914,0,1,290323520240319768,2024-02-15,0.0,17.1166,13761.0,28.275,53.5374137,0,0,0,51.049639925,48.561865975,28.7,29.125,,,,,,3"
"2024-01-07,202402,0.0,0,0,0,0.0,0.0,0,1,290323520240219768,2024-02-15,0.0,0.0,13761.0,27.1052631578947,67.1601891052632,0,0,0,63.4963189473684,59.8324499473684,27.9605263157895,28.8157894736842,,,,,,3"
"2023-12-31,202401,0.0,0,0,0,0.0,0.0,0,1,290323520240119768,2024-02-15,0.0,0.0,13761.0,26.9,74.4309585,0,0,0,72.8770489,71.3231396,27.075,27.25,,,,,,3"
"2024-02-04,202406,81.0,18,402,9,0.9995519,110.65423,0,3,520860820240619768,2024-02-15,0.0,1.8312076,73201.0,22.3,82.4472402,0,1,2,81.7351194,81.0229992,22.3,22.3,,,,,,135"
"2024-01-28,202405,66.0,46,150,43,0.99998724,90.162704,0,1,520860820240519768,2024-02-15,0.0,2.501497,73201.0,22.4285714285714,80.6155614285714,0,1,2,79.3534528571429,78.0913435714286,22.6428571428571,22.8571428571429,,,,,,135"
"2024-01-21,202404,48.0,42,65,42,0.99998176,65.572876,0,1,520860820240419768,2024-02-15,0.0,3.0078707,73201.0,22.8571428571429,83.437763,0,1,1,82.0772011428571,80.7166408571429,22.9285714285714,23.0,,,,,,135"
"2024-01-14,202403,15.0,14,21,14,0.9016276,20.491524,0,1,520860820240319768,2024-02-15,0.0,1.6960481,73201.0,22.625,75.302707875,0,0,1,72.773421875,70.24414175,23.1875,23.75,,,,,,135"
"2024-01-07,202402,20.0,20,23,20,0.99961776,27.322031,0,1,520860820240219768,2024-02-15,0.0,4.5782666,73201.0,21.7142857142857,87.0944164285714,1,1,1,85.6288407142857,84.1632664285714,21.8571428571429,22.0,,,,,,135"
"2023-12-31,202401,7.0,7,8,7,0.6608538,9.562711,0,1,520860820240119768,2024-02-15,0.0,1.2547365,73201.0,21.375,91.4545975,1,0,1,90.47780375,89.50101125,21.4375,21.5,,,,,,135"
"2024-02-04,202406,51.0,17,182,5,0.9999337,1982.8927,0,3,521305320240619768,2024-02-15,0.0,2.5966253,2572.0,22.3,82.4472402,0,1,2,81.7351194,81.0229992,22.3,22.3,,,,,,47"
"2024-01-28,202405,35.0,24,63,21,0.9999904,1360.8087,0,4,521305320240519768,2024-02-15,0.0,4.2546372,2572.0,22.4285714285714,80.6155614285714,0,1,2,79.3534528571429,78.0913435714286,22.6428571428571,22.8571428571429,,,,,,47"
"2024-01-21,202404,19.0,16,28,16,0.9999127,738.72473,0,1,521305320240419768,2024-02-15,0.0,6.677006,2572.0,22.8571428571429,83.437763,0,1,2,82.0772011428571,80.7166408571429,22.9285714285714,23.0,,,,,,47"
"2024-01-14,202403,3.0,2,7,2,0.8243167,116.64075,0,1,521305320240319768,2024-02-15,0.0,2.331315,2572.0,22.625,75.302707875,0,0,0,72.773421875,70.24414175,23.1875,23.75,,,,,,47"
"2024-01-07,202402,2.0,2,2,2,0.8178776,77.7605,0,1,521305320240219768,2024-02-15,0.0,2.6706016,2572.0,21.7142857142857,87.0944164285714,1,0,0,85.6288407142857,84.1632664285714,21.8571428571429,22.0,,,,,,47"
"2023-12-31,202401,1.0,1,1,1,0.8145292,38.88025,0,1,521305320240119768,2024-02-15,0.0,3.3788157,2572.0,21.375,91.4545975,1,0,0,90.47780375,89.50101125,21.4375,21.5,,,,,,47"
"2024-02-04,202406,406.5,121,2204,88,1.0,1184.6477,0,4,521560320240619768,2024-02-15,0.0,2.6311777,34314.0,22.3,82.4472402,0,1,2,81.7351194,81.0229992,22.3,22.3,,,,,,700"
"2024-01-28,202405,253.0,208,533,203,1.0,737.3084,0,4,521560320240519768,2024-02-15,0.0,2.1191595,34314.0,22.4285714285714,80.6155614285714,0,1,2,79.3534528571429,78.0913435714286,22.6428571428571,22.8571428571429,,,,,,700"
"2024-01-21,202404,83.0,77,117,77,0.054392282,241.88377,0,4,521560320240419768,2024-02-15,0.0,0.7911593,34314.0,22.8571428571429,83.437763,0,0,2,82.0772011428571,80.7166408571429,22.9285714285714,23.0,,,,,,700"
"2024-01-14,202403,129.0,128,141,128,0.9999791,375.93985,0,4,521560320240319768,2024-02-15,0.0,1.803811,34314.0,22.625,75.302707875,0,1,2,72.773421875,70.24414175,23.1875,23.75,,,,,,700"
"2024-01-07,202402,123.0,123,131,123,1.0,358.45428,0,4,521560320240219768,2024-02-15,0.0,4.0365043,34314.0,21.7142857142857,87.0944164285714,1,1,2,85.6288407142857,84.1632664285714,21.8571428571429,22.0,,,,,,700"
"2023-12-31,202401,81.0,81,81,81,1.0,236.05525,0,1,521560320240119768,2024-02-15,0.0,11.262433,34314.0,21.375,91.4545975,1,1,2,90.47780375,89.50101125,21.4375,21.5,,,,,,700"
"2024-02-04,202406,0.0,0,0,0,0.0,0.0,0,1,522230220240619768,2024-02-15,0.0,0.0,5646.0,22.3,82.4472402,0,0,0,81.7351194,81.0229992,22.3,22.3,,,,,,29"
"2024-01-28,202405,11.0,11,11,11,0.9162307,194.8282,0,1,522230220240519768,2024-02-15,0.0,1.9722947,5646.0,22.4285714285714,80.6155614285714,0,0,2,79.3534528571429,78.0913435714286,22.6428571428571,22.8571428571429,,,,,,29"
"2024-01-21,202404,10.0,10,10,10,0.9786301,177.11655,0,1,522230220240419768,2024-02-15,0.0,3.2221045,5646.0,22.8571428571429,83.437763,0,1,2,82.0772011428571,80.7166408571429,22.9285714285714,23.0,,,,,,29"
"2024-01-14,202403,4.0,4,4,4,0.91846156,70.84662,0,1,522230220240319768,2024-02-15,0.0,3.3788157,5646.0,22.625,75.302707875,0,0,0,72.773421875,70.24414175,23.1875,23.75,,,,,,29"
"2024-01-07,202402,4.0,4,4,4,0.9926397,70.84662,0,1,522230220240219768,2024-02-15,0.0,18.521618,5646.0,21.7142857142857,87.0944164285714,1,0,0,85.6288407142857,84.1632664285714,21.8571428571429,22.0,,,,,,29"
"2023-12-31,202401,0.0,0,0,0,0.5,0.0,0,1,522230220240119768,2024-02-15,0.0,0.0,5646.0,21.375,91.4545975,0,0,0,90.47780375,89.50101125,21.4375,21.5,,,,,,29"
"2024-02-04,202406,66.0,22,178,10,1.0,185.3464,0,3,521460620240619768,2024-02-15,0.0,3.903088,35609.0,22.3,82.4472402,0,1,2,81.7351194,81.0229992,22.3,22.3,,,,,,51"
"2024-01-28,202405,33.0,25,50,24,0.99999344,92.6732,0,3,521460620240519768,2024-02-15,0.0,4.767386,35609.0,22.4285714285714,80.6155614285714,0,1,2,79.3534528571429,78.0913435714286,22.6428571428571,22.8571428571429,,,,,,51"
"2024-01-21,202404,10.0,9,14,9,0.98172987,28.082788,0,1,521460620240419768,2024-02-15,0.0,3.3937533,35609.0,22.8571428571429,83.437763,0,1,1,82.0772011428571,80.7166408571429,22.9285714285714,23.0,,,,,,51"
"2024-01-14,202403,5.0,5,7,5,0.96897393,14.041394,0,1,521460620240319768,2024-02-15,0.0,5.0207434,35609.0,22.625,75.302707875,0,1,1,72.773421875,70.24414175,23.1875,23.75,,,,,,51"
"2024-01-07,202402,3.0,3,4,3,0.9872034,8.424836,0,1,521460620240219768,2024-02-15,0.0,18.506327,35609.0,21.7142857142857,87.0944164285714,1,0,0,85.6288407142857,84.1632664285714,21.8571428571429,22.0,,,,,,51"
"2023-12-31,202401,0.0,0,0,0,0.0,0.0,0,1,521460620240119768,2024-02-15,0.0,0.0,35609.0,21.375,91.4545975,0,0,0,90.47780375,89.50101125,21.4375,21.5,,,,,,51"
"2024-02-04,202406,61.5,11,321,4,0.6313959,331.96588,0,2,310450220240619768,2024-02-15,0.0,1.063144,18526.0,22.7058823529412,89.0250636470588,1,0,2,85.3990316176471,82.0598082352941,23.1078432352941,23.5588235294118,,,,,,261"
"2024-01-28,202405,69.0,49,168,47,0.82664496,372.44952,0,4,310450220240519768,2024-02-15,0.0,1.1811227,18526.0,23.1176470588235,89.5658473529412,1,0,2,86.2834904411765,83.2845014705882,23.5343138235294,24.0,,,,,,261"
"2024-01-21,202404,44.0,37,70,37,0.15547894,237.50404,0,4,310450220240419768,2024-02-15,0.0,0.8151508,18526.0,23.2058823529412,91.2111425,1,0,2,88.6909636764706,86.1707860588235,23.6176470588235,24.0294117647059,,,,,,261"
"2024-01-14,202403,71.0,68,83,68,0.9984777,383.24518,0,4,310450220240319768,2024-02-15,0.0,1.7708697,18526.0,24.9411764705882,68.5945549705882,0,1,2,65.1855907352941,61.7766255882353,25.6617647058824,26.3823529411765,,,,,,261"
"2024-01-07,202402,53.0,52,62,52,0.99989843,286.0844,0,4,310450220240219768,2024-02-15,0.0,2.453629,18526.0,25.09375,71.45163371875,0,1,2,69.13036834375,66.80910521875,25.328125,25.5625,,,,,,261"
"2023-12-31,202401,53.0,53,59,53,0.99999917,286.0844,0,1,310450220240119768,2024-02-15,0.0,3.5507164,18526.0,22.3125,96.16388703125,1,1,2,95.325829125,94.4877703125,22.46875,22.625,,,,,,261"
"2024-02-04,202406,0.0,0,0,0,0.0,0.0,0,1,520790720240619768,2024-02-15,0.0,0.0,11627.0,22.3,82.4472402,0,0,0,81.7351194,81.0229992,22.3,22.3,,,,,,5"
"2024-01-28,202405,0.0,0,0,0,0.0,0.0,0,1,520790720240519768,2024-02-15,0.0,0.0,11627.0,22.4285714285714,80.6155614285714,0,0,0,79.3534528571429,78.0913435714286,22.6428571428571,22.8571428571429,,,,,,5"
"2024-01-21,202404,1.0,1,1,1,0.44170484,8.600671,0,1,520790720240419768,2024-02-15,0.0,0.84828764,11627.0,22.8571428571429,83.437763,0,0,0,82.0772011428571,80.7166408571429,22.9285714285714,23.0,,,,,,5"
"2024-01-14,202403,3.0,3,3,3,0.96201503,25.802013,0,1,520790720240319768,2024-02-15,0.0,7.426779,11627.0,22.625,75.302707875,0,0,0,72.773421875,70.24414175,23.1875,23.75,,,,,,5"
"2024-01-07,202402,1.0,1,1,1,0.9632679,8.600671,0,1,520790720240219768,2024-02-15,0.0,18.521618,11627.0,21.7142857142857,87.0944164285714,1,0,0,85.6288407142857,84.1632664285714,21.8571428571429,22.0,,,,,,5"
"2023-12-31,202401,0.0,0,0,0,0.0,0.0,0,1,520790720240119768,2024-02-15,0.0,0.0,11627.0,21.375,91.4545975,0,0,0,90.47780375,89.50101125,21.4375,21.5,,,,,,5"
"2024-02-04,202406,160.0,53,607,23,0.9998983,634.3417,0,4,310930320240619768,2024-02-15,0.0,1.5933647,25223.0,22.3,82.4472402,1,1,2,81.7351194,81.0229992,22.3,22.3,,,,,,391"
"2024-01-28,202405,154.0,113,314,103,0.9999999,610.55383,0,4,310930320240519768,2024-02-15,0.0,2.0041077,25223.0,22.4285714285714,80.6155614285714,1,1,2,79.3534528571429,78.0913435714286,22.6428571428571,22.8571428571429,,,,,,391"
"2024-01-21,202404,81.0,71,125,69,0.9191871,321.13547,0,4,310930320240419768,2024-02-15,0.0,1.2616433,25223.0,22.8571428571429,83.437763,1,0,2,82.0772011428571,80.7166408571429,22.9285714285714,23.0,,,,,,391"
"2024-01-14,202403,77.0,75,83,75,0.9708712,305.27692,0,4,310930320240319768,2024-02-15,0.0,1.3915724,25223.0,22.625,75.302707875,1,1,2,72.773421875,70.24414175,23.1875,23.75,,,,,,391"
"2024-01-07,202402,61.0,60,64,60,0.7964314,241.84276,0,4,310930320240219768,2024-02-15,0.0,1.1682087,25223.0,21.7142857142857,87.0944164285714,1,0,2,85.6288407142857,84.1632664285714,21.8571428571429,22.0,,,,,,391"
"2023-12-31,202401,61.0,61,64,61,0.528502,241.84276,0,4,310930320240119768,2024-02-15,0.0,1.013029,25223.0,21.375,91.4545975,1,0,2,90.47780375,89.50101125,21.4375,21.5,,,,,,391"
"2024-02-04,202406,8.0,0,58,0,0.59582627,123.3616,0,2,310945120240619768,2024-02-15,0.0,1.1292932,6485.0,22.3,82.4472402,1,0,1,81.7351194,81.0229992,22.3,22.3,,,,,,39"
"2024-01-28,202405,8.0,4,33,4,0.48722503,123.3616,0,2,310945120240519768,2024-02-15,0.0,0.9845776,6485.0,22.4285714285714,80.6155614285714,1,0,1,79.3534528571429,78.0913435714286,22.6428571428571,22.8571428571429,,,,,,39"
"2024-01-21,202404,5.0,4,13,4,0.11641494,77.101006,0,2,310945120240419768,2024-02-15,0.0,0.5347405,6485.0,22.8571428571429,83.437763,1,0,1,82.0772011428571,80.7166408571429,22.9285714285714,23.0,,,,,,39"
"2024-01-14,202403,9.0,9,13,9,0.5355365,138.7818,0,2,310945120240319768,2024-02-15,0.0,1.0423607,6485.0,22.625,75.302707875,1,0,1,72.773421875,70.24414175,23.1875,23.75,,,,,,39"
"2024-01-07,202402,9.0,9,11,9,0.8576683,138.7818,0,2,310945120240219768,2024-02-15,0.0,1.7560909,6485.0,21.7142857142857,87.0944164285714,1,0,1,85.6288407142857,84.1632664285714,21.8571428571429,22.0,,,,,,39"
"2023-12-31,202401,13.0,13,14,13,0.99893725,200.4626,0,1,310945120240119768,2024-02-15,0.0,6.2111025,6485.0,21.375,91.4545975,1,1,2,90.47780375,89.50101125,21.4375,21.5,,,,,,39"
"2024-02-04,202406,736.0,188,5076,110,1.0,847.2723,0,4,317040420240619768,2024-02-15,0.0,2.2491078,86867.0,22.7058823529412,89.0250636470588,1,1,2,85.3990316176471,82.0598082352941,23.1078432352941,23.5588235294118,,,,,,1042"
"2024-01-28,202405,501.0,351,1305,322,1.0,576.7438,0,4,317040420240519768,2024-02-15,0.0,2.4472208,86867.0,23.1176470588235,89.5658473529412,1,1,2,86.2834904411765,83.2845014705882,23.5343138235294,24.0,,,,,,1042"
"2024-01-21,202404,288.0,243,468,233,1.0,331.54132,0,4,317040420240419768,2024-02-15,0.0,2.1277287,86867.0,23.2058823529412,91.2111425,1,1,2,88.6909636764706,86.1707860588235,23.6176470588235,24.0294117647059,,,,,,1042"
"2024-01-14,202403,184.0,167,246,163,1.0,211.81807,0,3,317040420240319768,2024-02-15,0.0,2.0083387,86867.0,24.9411764705882,68.5945549705882,0,1,2,65.1855907352941,61.7766255882353,25.6617647058824,26.3823529411765,,,,,,1042"
"2024-01-07,202402,118.0,110,147,109,0.9999983,135.83984,0,1,317040420240219768,2024-02-15,0.0,2.0596547,86867.0,25.09375,71.45163371875,0,1,1,69.13036834375,66.80910521875,25.328125,25.5625,,,,,,1042"
"2023-12-31,202401,109.0,105,122,105,0.99999976,125.47918,0,1,317040420240119768,2024-02-15,0.0,2.318296,86867.0,22.3125,96.16388703125,1,1,1,95.325829125,94.4877703125,22.46875,22.625,,,,,,1042"
"2024-02-04,202406,291.0,164,770,130,1.0,258.57013,0,4,520800420240619768,2024-02-15,0.0,2.0667617,112542.0,22.3,82.4472402,0,1,2,81.7351194,81.0229992,22.3,22.3,,,,,,591"
"2024-01-28,202405,200.0,181,265,177,1.0,177.71143,0,4,520800420240519768,2024-02-15,0.0,2.247707,112542.0,22.4285714285714,80.6155614285714,0,1,2,79.3534528571429,78.0913435714286,22.6428571428571,22.8571428571429,,,,,,591"
"2024-01-21,202404,136.0,133,143,133,1.0,120.84377,0,3,520800420240419768,2024-02-15,0.0,2.5831797,112542.0,22.8571428571429,83.437763,0,1,2,82.0772011428571,80.7166408571429,22.9285714285714,23.0,,,,,,591"
"2024-01-14,202403,82.0,81,86,81,0.99999934,72.86169,0,1,520800420240319768,2024-02-15,0.0,2.6035836,112542.0,22.625,75.302707875,0,1,1,72.773421875,70.24414175,23.1875,23.75,,,,,,591"
"2024-01-07,202402,46.0,45,48,45,0.9950858,40.87363,0,1,520800420240219768,2024-02-15,0.0,1.8693628,112542.0,21.7142857142857,87.0944164285714,1,1,1,85.6288407142857,84.1632664285714,21.8571428571429,22.0,,,,,,591"
"2023-12-31,202401,25.0,25,27,25,0.4469647,22.213928,0,1,520800420240119768,2024-02-15,0.0,0.9636186,112542.0,21.375,91.4545975,1,0,1,90.47780375,89.50101125,21.4375,21.5,,,,,,591"
"2024-02-04,202406,144.0,17,1316,10,0.9999112,132.29701,0,3,521760920240619768,2024-02-15,0.0,1.6481677,108846.0,22.3,82.4472402,0,1,2,81.7351194,81.0229992,22.3,22.3,,,,,,280"
"2024-01-28,202405,161.0,113,636,111,1.0,147.9154,0,4,521760920240519768,2024-02-15,0.0,2.8551748,108846.0,22.4285714285714,80.6155614285714,0,1,2,79.3534528571429,78.0913435714286,22.6428571428571,22.8571428571429,,,,,,280"
"2024-01-21,202404,62.0,53,136,53,0.9958097,56.961212,0,4,521760920240419768,2024-02-15,0.0,1.7151315,108846.0,22.8571428571429,83.437763,0,1,2,82.0772011428571,80.7166408571429,22.9285714285714,23.0,,,,,,280"
"2024-01-14,202403,57.0,55,71,55,0.9999883,52.367565,0,1,521760920240319768,2024-02-15,0.0,2.7585607,108846.0,22.625,75.302707875,0,1,2,72.773421875,70.24414175,23.1875,23.75,,,,,,280"
"2024-01-07,202402,38.0,38,43,38,0.99996567,34.91171,0,1,521760920240219768,2024-02-15,0.0,3.4163349,108846.0,21.7142857142857,87.0944164285714,1,1,1,85.6288407142857,84.1632664285714,21.8571428571429,22.0,,,,,,280"
"2023-12-31,202401,13.0,13,16,13,0.8940931,11.94348,0,1,521760920240119768,2024-02-15,0.0,1.733709,108846.0,21.375,91.4545975,1,0,1,90.47780375,89.50101125,21.4375,21.5,,,,,,280"
"2024-02-04,202406,3.0,3,3,3,0.022005994,26.607538,0,1,522000920240619768,2024-02-15,0.0,0.30760568,11275.0,22.3,82.4472402,0,0,0,81.7351194,81.0229992,22.3,22.3,,,,,,45"
"2024-01-28,202405,20.0,20,20,20,0.99505395,177.38359,0,1,522000920240519768,2024-02-15,0.0,2.827709,11275.0,22.4285714285714,80.6155614285714,0,1,2,79.3534528571429,78.0913435714286,22.6428571428571,22.8571428571429,,,,,,45"
"2024-01-21,202404,6.0,6,6,6,0.65125835,53.215076,0,1,522000920240419768,2024-02-15,0.0,1.2567092,11275.0,22.8571428571429,83.437763,0,0,1,82.0772011428571,80.7166408571429,22.9285714285714,23.0,,,,,,45"
"2024-01-14,202403,9.0,9,9,9,0.9575871,79.82262,0,1,522000920240319768,2024-02-15,0.0,2.7342813,11275.0,22.625,75.302707875,0,1,1,72.773421875,70.24414175,23.1875,23.75,,,,,,45"
"2024-01-07,202402,3.0,3,3,3,0.70161617,26.607538,0,1,522000920240219768,2024-02-15,0.0,1.5562261,11275.0,21.7142857142857,87.0944164285714,1,0,0,85.6288407142857,84.1632664285714,21.8571428571429,22.0,,,,,,45"
"2023-12-31,202401,4.0,4,4,4,0.963801,35.47672,0,1,522000920240119768,2024-02-15,0.0,5.715059,11275.0,21.375,91.4545975,1,0,0,90.47780375,89.50101125,21.4375,21.5,,,,,,45"
"2024-02-04,202406,0.0,0,0,0,0.0,0.0,0,1,522220320240619768,2024-02-15,0.0,0.0,3686.0,22.3,82.4472402,0,0,0,81.7351194,81.0229992,22.3,22.3,,,,,,7"
"2024-01-28,202405,6.0,6,6,6,0.99695635,162.77808,0,1,522220320240519768,2024-02-15,0.0,15.875671,3686.0,22.4285714285714,80.6155614285714,0,1,1,79.3534528571429,78.0913435714286,22.6428571428571,22.8571428571429,,,,,,7"
"2024-01-21,202404,0.0,0,0,0,0.0,0.0,0,1,522220320240419768,2024-02-15,0.0,0.0,3686.0,22.8571428571429,83.437763,0,0,0,82.0772011428571,80.7166408571429,22.9285714285714,23.0,,,,,,7"
"2024-01-14,202403,0.0,0,0,0,0.0,0.0,0,1,522220320240319768,2024-02-15,0.0,0.0,3686.0,22.625,75.302707875,0,0,0,72.773421875,70.24414175,23.1875,23.75,,,,,,7"
"2024-01-07,202402,0.0,0,0,0,0.0,0.0,0,1,522220320240219768,2024-02-15,0.0,0.0,3686.0,21.7142857142857,87.0944164285714,0,0,0,85.6288407142857,84.1632664285714,21.8571428571429,22.0,,,,,,7"
"2023-12-31,202401,1.0,1,1,1,0.9632679,27.12968,0,1,522220320240119768,2024-02-15,0.0,18.521618,3686.0,21.375,91.4545975,1,0,0,90.47780375,89.50101125,21.4375,21.5,,,,,,7"
"2024-02-04,202406,933.0,67,9017,2,1.0,446.64227,0,1,520025820240619768,2024-02-15,0.0,1.6073815,208892.0,22.3,82.4472402,0,1,2,81.7351194,81.0229992,22.3,22.3,,,,,,1648"
"2024-01-28,202405,630.0,59,5564,10,0.99819845,301.59125,0,1,520025820240519768,2024-02-15,0.0,1.1866354,208892.0,22.4285714285714,80.6155614285714,0,1,2,79.3534528571429,78.0913435714286,22.6428571428571,22.8571428571429,,,,,,1648"
"2024-01-21,202404,615.0,262,3046,238,0.8854542,294.41052,0,4,520025820240419768,2024-02-15,0.0,1.0722597,208892.0,22.8571428571429,83.437763,0,0,2,82.0772011428571,80.7166408571429,22.9285714285714,23.0,,,,,,1648"
"2024-01-14,202403,397.0,205,1691,196,4.1512502e-07,190.05035,0,4,520025820240319768,2024-02-15,0.0,0.7243056,208892.0,22.625,75.302707875,0,0,2,72.773421875,70.24414175,23.1875,23.75,,,,,,1648"
"2024-01-07,202402,607.0,496,1357,494,1.0,290.58078,0,4,520025820240219768,2024-02-15,0.0,1.7589179,208892.0,21.7142857142857,87.0944164285714,0,1,2,85.6288407142857,84.1632664285714,21.8571428571429,22.0,,,,,,1648"
"2023-12-31,202401,769.0,709,1257,708,1.0,368.1328,0,4,520025820240119768,2024-02-15,0.0,5.6403565,208892.0,21.375,91.4545975,1,1,2,90.47780375,89.50101125,21.4375,21.5,,,,,,1648"
"2024-02-04,202406,1681.0,101,,0,1.0,1987.444,0,3,520549720240619768,2024-02-15,0.0,3.4767015,84581.0,22.3,82.4472402,0,1,2,81.7351194,81.0229992,22.3,22.3,,,,,,458"
"2024-01-28,202405,793.5,78,,29,1.0,938.15393,0,4,520549720240519768,2024-02-15,0.0,3.2144566,84581.0,22.4285714285714,80.6155614285714,0,1,2,79.3534528571429,78.0913435714286,22.6428571428571,22.8571428571429,,,,,,458"
"2024-01-21,202404,357.5,133,,115,1.0,422.67175,0,4,520549720240419768,2024-02-15,0.0,2.7419417,84581.0,22.8571428571429,83.437763,0,1,2,82.0772011428571,80.7166408571429,22.9285714285714,23.0,,,,,,458"
"2024-01-14,202403,210.0,165,,162,1.0,248.28271,0,4,520549720240319768,2024-02-15,0.0,3.7085114,84581.0,22.625,75.302707875,0,1,2,72.773421875,70.24414175,23.1875,23.75,,,,,,458"
"2024-01-07,202402,133.0,125,,125,1.0,157.24571,0,3,520549720240219768,2024-02-15,0.0,7.7541585,84581.0,21.7142857142857,87.0944164285714,0,1,2,85.6288407142857,84.1632664285714,21.8571428571429,22.0,,,,,,458"
"2023-12-31,202401,28.0,27,,27,0.9999989,33.104362,0,1,520549720240119768,2024-02-15,0.0,7.985538,84581.0,21.375,91.4545975,1,1,1,90.47780375,89.50101125,21.4375,21.5,,,,,,458"
"2024-02-04,202406,223.0,7,,0,1.0,4020.916,0,3,520017520240619768,2024-02-15,0.0,3.4665852,5546.0,22.3,82.4472402,0,1,2,81.7351194,81.0229992,22.3,22.3,,,,,,84"
"2024-01-28,202405,113.0,32,,29,1.0,2037.5045,0,4,520017520240519768,2024-02-15,0.0,4.1129646,5546.0,22.4285714285714,80.6155614285714,0,1,2,79.3534528571429,78.0913435714286,22.6428571428571,22.8571428571429,,,,,,84"
"2024-01-21,202404,52.0,29,,28,0.9999999,937.6127,0,4,520017520240419768,2024-02-15,0.0,4.252434,5546.0,22.8571428571429,83.437763,0,1,2,82.0772011428571,80.7166408571429,22.9285714285714,23.0,,,,,,84"
"2024-01-14,202403,15.0,11,,11,0.9710031,270.4652,0,3,520017520240319768,2024-02-15,0.0,2.3055248,5546.0,22.625,75.302707875,0,1,2,72.773421875,70.24414175,23.1875,23.75,,,,,,84"
"2024-01-07,202402,10.0,9,,9,0.9800905,180.31013,0,1,520017520240219768,2024-02-15,0.0,3.298451,5546.0,21.7142857142857,87.0944164285714,1,1,2,85.6288407142857,84.1632664285714,21.8571428571429,22.0,,,,,,84"
"2023-12-31,202401,7.0,7,,7,0.9941131,126.217094,0,1,520017520240119768,2024-02-15,0.0,8.07771,5546.0,21.375,91.4545975,1,1,1,90.47780375,89.50101125,21.4375,21.5,,,,,,84"
